rank,address,balance_flc,last_seen_utc
1,fc1q3njyym5nftd8vakpxf0fyl7aese8as3rjc2vr0,8734412.04202603,2025-08-15T10:21:59Z
2,fc1qrucehulkqx00t285r2uxtk5n5v2z6d0aftflzp,8107768.99232634,2025-10-13T02:26:19Z
3,fc1qa0p3ekfur32qnqq8qhulmh7d4yamkl7sq86f2f,4452378.67580108,2025-10-13T00:29:52Z
4,FRmCB7P1Yk5os7AToq4T6mFr7jYrKMgQQ3,3827900.39216211,2025-10-14T20:27:23Z
5,fc1qeclugw6nxgt988cpcfzqq8tuffpm9v2uk4l4ts,3606000.00000000,2025-10-13T02:26:19Z
6,fc1qms8hlwxa64l34jz4spgsq9akqa426ln4jjeyk5,1846940.68979492,2025-10-03T17:54:32Z
7,fc1q3fqddfnakmv40lmjr0uzlwv4zzat7aqxwh4dr2,1812627.46088807,2025-10-13T00:29:52Z
8,fc1qdtgmlu6eqat0u699yccqc288ukcdzm5ejdczmj,1396235.28150960,2025-10-15T09:46:02Z
9,fc1qga59a2f6fsnqlj353sn4emrv6a5yxp8rclkzu2,1365787.97260000,2025-10-07T18:25:58Z
10,fc1qvk3sx7a7wquqr5cqlvx6gt3nhllfquhlul9wc4,1362278.00200000,2025-10-09T07:48:02Z
11,fc1qvgzm6mt6w8787df2d2046ytvn3dw2c4hplguln,1358026.44000000,2025-10-07T19:53:39Z
12,fc1qfdt0rj7tvfzg9k42z9g2n5pdd55x4waz3fslpx,1292290.59029557,2025-10-11T08:02:58Z
13,fc1qmyrgdn32ajdl4scljlrx5zh6ctfdl7vhhewrp2,1291190.89720000,2025-10-09T02:46:10Z
14,fc1qsvnjpw0wlyakuakl7clualra6ydwjqlu03fpaj,1289911.40000000,2025-10-09T07:48:02Z
15,fc1q092jqzlppefw7fsc240um5wyv8ga6828cqexes,1265023.72040000,2025-10-09T02:37:55Z
16,fc1qk2gm69szz4hqfhgkxzkegjd5w9uhwqwjp2502s,1158780.10696820,2025-10-15T09:46:02Z
17,fc1qytmek66n2yxhcvrauk6pt3f2ztnrqu5v30se8q,1134402.02170000,2025-10-09T03:04:52Z
18,fc1qjdh2yvlv9v6rq50s55t9khg4vkhmq9ap988t5e,1123004.30000000,2025-10-09T03:04:52Z
19,fc1qszfn0a47ykcecdz3k087ydnn77fcadjp0n6t95,1093255.22300000,2025-10-09T02:40:10Z
20,fc1q47azeca2cjhfn8ea49t4zlklynlcd6k54gnsan,1038833.44400000,2025-10-09T02:28:40Z
21,fc1qa93r0kd8zfmyzh3dx5s95hwwv0vcu0emzm9v4v,1000000.00000000,2025-10-09T17:48:34Z
22,fc1qc4snuygsf8ursw3cgjmgw50u9s6wdn0f4p63ay,1000000.00000000,2025-10-09T17:48:21Z
23,fc1qdekvjmscgpdeh0l47qjutng5rcvhgrux4nq5z8,1000000.00000000,2025-10-09T17:48:21Z
24,fc1qjpy6ty6sqqslj0cxv7qw3yk3dtfhachuh2uar8,1000000.00000000,2025-10-09T17:51:34Z
25,fc1qjvqgpk0adhdtahwqw2nj38kl7sxxudpd6fr70v,1000000.00000000,2025-10-09T17:39:38Z
26,fc1qvdz6jvwekhz08pjsv3qgtnadx4ds9yu65mp0g7,1000000.00000000,2025-10-09T17:42:04Z
27,fc1qwxjyq3h2dt594t2wtpn7e8xs5xat082srcn05e,1000000.00000000,2025-10-09T17:48:34Z
28,fc1qyw2zy6rja5rlxeqwya6ydh7fk6024kqmp0gq2f,1000000.00000000,2025-10-09T17:42:04Z
29,fc1qzq2ya59tk8zpq82hkslvpaheml42ehd7nls4pj,1000000.00000000,2025-10-09T17:48:21Z
30,fc1qmvry8ffp8ydc37j2nl6l4xh0srh6n7l5fdlfmd,977263.18720000,2025-10-09T02:04:12Z
31,FH2X1UWZL94mMKZ2nLA4aUvT2WFuMSNHdg,976190.00000000,2025-05-23T09:02:13Z
32,FJjDfihsc7ZicArUAmqmZKYBcBwmBXmo1A,947480.00000000,2025-05-23T08:54:20Z
33,FPgeYwYMiWdr2fi3g8NWx1E1NzNgqsUFMq,924690.00000000,2025-05-23T06:07:23Z
34,FSQT1pfRhmj7WBeAosjd8EHHyfZUjo8pWA,916780.00000000,2025-05-23T09:46:04Z
35,fc1qvcdrzgwdqsscan57n7kweepp5pn96ws5kgw03s,916564.94560000,2025-10-07T09:33:51Z
36,fc1qedvqejxpm3qdx7n7z0x7vugr56sxrkzajwvcqz,913205.56280000,2025-10-07T18:35:21Z
37,fc1qjnlehhz864yga689dyhxff43rlrffklk47hyhn,908187.18720000,2025-10-09T02:15:16Z
38,FBL2mBqoKo61swDVpJEhiV3h669cpaDtsh,903890.00000000,2025-05-23T09:50:48Z
39,FCLtQc9okHxb77JRvCfimYUWS7W8KybHiq,900930.00000000,2025-05-23T06:15:59Z
40,FLqDhbfXor35DR2ZqknTHRTgSHC4kZRfrJ,898960.00000000,2025-05-23T09:22:46Z
41,fc1qytx85alxylgsdque30sxfk5ke39uyc2vhrrwuh,893220.03400000,2025-10-09T02:29:09Z
42,FPXivHoNPmpQTkmyKj3Ma6SNYfh1GftuQv,892010.00000000,2025-05-23T08:28:26Z
43,F74wLjC9BWRkxf3Kude4TD6T3WQSKZtdNw,890040.00000000,2025-05-23T08:37:05Z
44,FFLeP8XGmkBCdhX1Vtujh8nzHzikKak5ne,889060.00000000,2025-05-23T10:12:46Z
45,F6F5vEtRxfEcQZDNh7tyrHa7tDPfLbesYk,874230.00000000,2025-05-23T06:51:45Z
46,fc1qnxgfawxc88qaffpz908scm44w4rfhnuxztj2us,872937.10472997,2025-10-15T09:46:02Z
47,fc1qce66d2sser3yn9735fnqjcgtq8zdrw22uwvr64,871714.82384899,2025-10-15T09:46:02Z
48,fc1q4vglrfwhemqn2dwgl8rsdvhazfwvr5ydzhjfgq,815441.30000000,2025-10-09T02:37:55Z
49,fc1q8gwuyy4t0l0ay27k3uwrrs8v45jfgsz2xch505,800100.00000000,2025-07-13T05:09:20Z
50,F7AUPPWBJAVDdKGppmBHV6nN2A6YaYuFdp,774840.00000000,2025-05-21T14:09:58Z
51,fc1qnk6xpd4y487hr9agn85msxxas5lpgsv5j5npvv,765419.12030000,2025-10-07T18:35:21Z
52,FN9kyTnbJRRHGjmGxAbqmckzfW9jvEafpT,743411.43858803,2025-10-15T04:42:27Z
53,fc1qqg2te25965gpm3ztgq05yfk769whnza0x6hkgr,689547.00000000,2025-10-10T01:42:54Z
54,fc1qj0c5enwwnc3tdr5ua20elahkr02dxpctqk6yg6,676276.87000000,2025-10-09T03:04:52Z
55,fc1qhq8ahnpcy29ksp7fszvr47uh8laxyrzu8x7v5w,671982.99120000,2025-10-09T02:04:21Z
56,fc1q9r4swzefn886puxpqxnt6q9tk9fddq82t9c9pk,657000.00000224,2025-10-15T11:20:06Z
57,fc1qpdtq5yp0s5p39925hev3dudmq7yvr8kula9c5z,650242.10377445,2025-10-15T09:46:02Z
58,F6VdbjS5HNcwhAy78VvH27UiWTdb8u3BRC,609417.26589251,2025-10-14T20:27:23Z
59,fc1q9acnumkrft6qmvqha306puwjj0afmwlwassrpc,582394.27410000,2025-10-07T18:35:21Z
60,fc1q7qpe4w3fud9wd9x4x4t27ta7muwzw4tfxrg638,514646.59723151,2025-10-15T08:07:16Z
61,fc1qepvfmjqdpr0uxcnm72uds99mfgeu5l949x5h77,500000.00000000,2025-10-08T18:01:14Z
62,fc1q4hh274gw8c5f8zhdgwwjf7mecmvgx3nhldgzcf,498664.45297849,2025-10-13T00:23:23Z
63,fc1qdgusq2lcx0yfj77w9sf5xemtvneaysxjlgwqpg,487033.03477432,2025-10-15T08:07:16Z
64,fc1quch6645yme4n8s4lj0d3arsauun2h2jqws7pq7,482898.68146432,2025-10-15T08:07:16Z
65,fc1qwppkwjce2nuct3lp8k6f48x7u3gwdsvsrgf8c5,482527.74292884,2025-10-13T00:29:52Z
66,fc1q3s0p8rcv7v9gt0pvr36jmxwhu2m2qnsrxy69e0,448273.85614800,2025-10-06T00:26:42Z
67,fc1q5325ayxw85493rht95wr5hh2t6f7e8y2h4tyyf,439872.98720000,2025-10-09T02:04:21Z
68,fc1qn8xh5arz5k4s2vrg24y7qu0f8lu87npl03j34z,438885.59343321,2025-10-13T00:29:52Z
69,fc1qcuteuw6m8z59pke2zwvx8f7wu8nxjdat4dc6vn,423100.23970000,2025-10-15T04:42:27Z
70,FCvaQKLGCwGn7Loa2rX9h3Y9JdYLJKwUzS,418000.00000000,2025-05-07T00:31:47Z
71,fc1qfhvhs8604f93h0wmuvk8k8c652x7avssfg0wl2,398121.81530000,2025-10-09T07:48:02Z
72,FKzfpfYhBJ96vH457jjdKJ1sVCf1jeUkM8,387090.00000000,2025-06-10T08:19:22Z
73,FD7x1wCAPkTNHLH4Hj7zV61RrMJ7qApe7v,381260.00000024,2025-10-11T05:03:20Z
74,fc1q0l38c7kvg0ut4389f5vf06vjkztvmdlf2ce02e,380114.03672813,2025-10-11T00:49:27Z
75,fc1qu9wc3cfyhhp6pmcdzmnmucmdd2ms8wuc20zywm,358026.44890000,2025-10-07T20:07:50Z
76,fc1qljkp0swl66wd6qn5kt9ghdtwac660euyhw5wss,343610.86538306,2025-10-14T11:21:50Z
77,F6fdCGzJNhmuYREnukKt1kKzQjKCMRftQj,333000.00000000,2025-05-06T23:32:28Z
78,fc1qvnyu5r8kkkvvtwwxdgxeg04wu62386uw4z85su,328543.29633268,2025-10-15T08:07:16Z
79,FBfR9DC6TmmEbp67UeVsT6X2xHZTcQdWKv,319770.00000000,2025-07-02T09:39:01Z
80,FRiNh7Uuw9fYrnGWgEvsTqTLEtcaQKxa9K,310940.00000000,2025-05-31T04:36:01Z
81,FNkeinCg62RzLcAKb7yoKThcYKH7Fn5CmS,307890.00000000,2025-07-02T09:24:50Z
82,fc1px5pwfyka0ek0jp9dtt7m3qymwvj8ta0rcys7922z42rveyhqpl7qv8wmj7,304386.21268684,2025-10-11T08:05:41Z
83,FTEpWB1jX7ThLEdRr8edWkANmu873t2WXk,296010.00000000,2025-07-02T10:56:39Z
84,fc1qe5vehpa4zw7zzcje7tt6s32hxls798dl9a2a2v,293754.36654989,2025-10-14T11:21:50Z
85,fc1qx6sq0z83hfq855pnkzt6ykxgg3l4yj629ev36n,284992.43000000,2025-10-09T02:37:55Z
86,F7waeTJY5BE4AFCYvUt6gWxZMWmQHALnhk,277200.00000000,2025-07-02T09:42:54Z
87,F9uhCRfFAzj3HRaUUDiUoVp3wfK9n2hasr,271260.00000000,2025-07-02T07:02:46Z
88,FMnH1hyGPxfNY1iJtnWSGPVLbs7XHUYkUg,261360.00000000,2025-06-20T10:53:51Z
89,FDre7keJgijHrsDUSanARLBieCpL1U42Rd,248490.00000000,2025-10-11T20:18:50Z
90,fc1q0vw9cmzqqc3vxfhd7m4zcqf8n82s9gsmagr02a,248004.50591735,2025-10-15T11:14:39Z
91,FFvgb3tZ6aTXQmjgAkrtFFkzANEH9dEzU4,246510.00000000,2025-06-03T17:16:59Z
92,FJt8snQF1G7QcYv1Ms4iHwAqzpZAeTGtWo,241000.00000000,2025-05-06T04:30:57Z
93,FJCCUKkV41Zy7qKnMT7x3RnGf25wWmKEuw,233640.00000000,2025-06-08T18:17:29Z
94,FGK4SjUiSyrBufum7j2Kmhfaey6KGxTiS6,232660.00000450,2025-07-01T23:40:15Z
95,FDoesvTpHjFhK13ruxD8JUknHWoowvz575,230670.00000000,2025-06-07T08:18:18Z
96,FC54DstqA9ELaUGcSfEpdZmdd8y2K47TsK,225720.00000000,2025-06-09T00:20:50Z
97,FKNkufzJTUUtdo3GfUjn3PBxS6qH3GXAjX,221765.00000000,2025-08-13T19:10:13Z
98,F6aRwwewjoSEo12ChhpMMHnV66FEdncjgu,220770.00000000,2025-06-03T18:27:24Z
99,FKXnsVN2rNSkgYNKjkrgxbphaNuFkBrVQs,213840.00000000,2025-06-07T07:02:00Z
100,FShmwJ57heeMk5cQ2d3W7bn1g1jT2n2HZJ,205920.00000000,2025-06-09T01:04:28Z
101,fc1qjc05nx5v0v7vep6vqfllm758exc6dwzmzwav9z,198276.18700000,2025-10-09T02:02:08Z
102,FCfjQh5SUYqWCtk9v1rUi6CsUXabX39NhX,193000.00000000,2025-05-01T01:22:28Z
103,fc1qxl70xsx77u0egcywll4wnx7ehzhuk056gt2yk8,191554.01000000,2025-10-09T02:28:09Z
104,fc1q8zzndrqcdq8m4q4yr2uk8fhq782w042dvpzl2x,189774.01600000,2025-10-09T02:22:27Z
105,fc1qze30j6ugdg4lcq63uz9j4ctf4hech7w0r393zn,188071.05580000,2025-10-14T13:05:46Z
106,fc1qtlmmd5888095e5qmu0truernfphj3zfcl9hrcu,187987.76350000,2025-10-07T18:25:58Z
107,FNVwUxmEHhJvjj764wzL8yPNnJ9dwuuRNE,179190.00000000,2025-06-26T10:36:42Z
108,FStjE6VqVHKyCzDqXx9f7J7iWBKZRskZ6m,179190.00000000,2025-07-03T19:58:59Z
109,FAHVBQwB1MVMHEf7idX9RLdvogh3osnHML,177210.00000000,2025-06-30T23:40:06Z
110,fc1qt52fq9ckuwglnjqmmet09h0amshemtxnvv0zuw,176722.00000000,2025-10-09T02:02:08Z
111,fc1qzc50z8sudvthcttyr6yrc3xrptwfsxw4vxnkaa,176331.87230000,2025-10-09T02:04:21Z
112,F9e6k1qhZzp2mQaorAXKRSK5ksBriTVaRr,172260.00000000,2025-06-03T18:43:53Z
113,FDKfETobTAKCy8B4xo2inQg3Q3Bgf6BgWf,167310.00000000,2025-06-03T17:34:14Z
114,FHgzcvBFTg5obe85B8MgskH25MGqJCLgTP,167310.00000000,2025-06-03T18:15:01Z
115,F87hcs8yPTo5LASm2heJm2KNw6SQTKjwBA,166320.00000000,2025-07-02T05:51:42Z
116,fc1q0h6uwpnth3404km2m5l05lxk8wc2srh8psp0ap,165737.70646172,2025-10-15T08:07:16Z
117,FDBBg9uNsZdiCN7EBg2SkNox4nPkLEWeL2,165330.00000000,2025-07-02T02:14:38Z
118,FQAYqfeawaBV7dZ5ieqhXXrR6gXX2qhshm,165330.00000000,2025-07-02T09:34:52Z
119,FUFa8NpK33ihN5TK8zMzon5MPo1KmP1Rmm,164000.00000000,2025-04-28T12:31:09Z
120,fc1qv7wfw8dh7k3lhp6akm2qm6uyc4kdyxjxc7u2jk,162889.90000000,2025-10-09T02:22:27Z
121,F6yAV9KVp5mRJnZp3honX8w3H1t3yXUDbx,162800.00000000,2025-05-15T23:38:52Z
122,fc1q2435lpgs288eatpc204ajl3g3pk8yz6vd4yq57,160531.55120665,2025-10-13T00:29:52Z
123,FMjjo7VmDaz95TZZRBvLVRPKH1KfjDxDx4,160380.00000000,2025-06-03T18:17:33Z
124,FMkCKWk85EW3Qk4soAxCnzKATTG6xcoLZh,159390.00000000,2025-07-02T04:49:08Z
125,FU9mF3Wpc5DX1c58TT3gCVTZkT5j4MXZjs,156420.00000000,2025-07-02T11:04:14Z
126,F7ALiC2sKH42puv87XWFH1bP2bcvbtp9F7,155430.00000000,2025-07-02T11:14:12Z
127,F9JBU6v7zipR5PpnxBXvVE3LLjfkdq3Yih,154440.00000000,2025-07-02T09:24:58Z
128,FChSJCxz78ArfkbVbqqkkVwHXSRyn43Mqj,153450.00000000,2025-06-30T17:07:40Z
129,FKn3zcLx8ihGproYrbXTcCjf4n3Dt95c6g,153450.00000000,2025-06-03T18:44:46Z
130,FPjA8R6TGk5Nxigr7GMyGsSVdAw3zt7iZy,152460.00000666,2025-07-02T11:05:37Z
131,FA3TRLQES151kpo8PMgDWKzuUTMDWBc1df,152460.00000000,2025-07-02T09:39:14Z
132,FG9QSMBBboSWJyCpQGJuyFfRTUo35YkhWs,152460.00000000,2025-07-02T03:34:16Z
133,FKmHY5LWR78ozQAHUfCr6nuZq7cC9gvipz,152460.00000000,2025-07-02T09:11:09Z
134,FUKJ5yopfWQxd2PQ6JR1GtkBPjQu4xvohV,152460.00000000,2025-07-02T09:22:32Z
135,F7UnDcJeeDgKHcATexmjCMaJnyZ6iaJYeD,151470.00000000,2025-07-02T09:42:43Z
136,F8FNPvmdoDJZarCk53ek36ocZJSewsqLd8,151470.00000000,2025-06-03T18:06:55Z
137,FGSVktbb4ENq5dKav8H9sPuVcqg5cH2Hvc,151470.00000000,2025-06-30T17:32:59Z
138,FSWFN11S1mrj7ghGDBo6s2yshf1VS8A36U,151470.00000000,2025-07-02T04:33:17Z
139,F72vX8KJcspY1wPLtxFiEXqDQecGqup1NE,150480.00000000,2025-06-03T17:56:25Z
140,fc1qekzmdty57za2ehxpnuhyy7a3jcdvqasaqjrmvj,149503.03810000,2025-10-09T02:22:27Z
141,F6mwsFS5QUo7cfr19PfUjF3vykSoCpjU16,149490.00000000,2025-07-01T00:13:53Z
142,F7DWbsCtt3nXjq7UXVNCRRH6pv2g8AKWAt,149490.00000000,2025-07-02T06:40:56Z
143,FU5g7w5uWmPrYmDZBR8W3PHPTGobqPCKTJ,149490.00000000,2025-07-02T02:30:44Z
144,fc1qgrses33wdecax66k5kwsz3qjh7zq63x67y70sa,148992.50030000,2025-10-09T02:37:55Z
145,FBojLvNM8nMDHagFhXVoyS2Ko5wyp5TdqQ,147510.00000000,2025-06-03T17:21:09Z
146,FBwucQn9TqyQPAyoWA3h9zzDpp5btmvV4c,147510.00000000,2025-06-03T18:04:21Z
147,FFiQ7zt3zn42Pe5w6gETzSfxhvoxCu4jZw,147510.00000000,2025-07-02T09:42:43Z
148,FNgZBghNgVdTf2jD5Z8G6QMW557Xtgn6jF,147510.00000000,2025-07-02T02:32:20Z
149,FQqcY4weSUhin3oMJ3PHPeJ49nSQ246H8k,147510.00000000,2025-07-02T08:11:48Z
150,fc1q7l30xjyr2h0eu92sf5nzxwqckr44vgsgvkcnlv,147382.90470000,2025-10-07T18:35:21Z
151,FD5mc6gVxnbbDiWVKSsyGEBgn1Fa7x1jca,146520.00000000,2025-07-02T02:11:51Z
152,F9Aw8em8knzhzjMoPLJzDxYk61vVRje3zm,145530.00000000,2025-07-02T09:40:33Z
153,F9SMFYQ1WUEohWWtuUdmCZ56keNFK56txP,145530.00000000,2025-06-30T23:44:44Z
154,FMGY4CwBcz2zcwT7sou4Udg88SZRA9BcXy,145530.00000000,2025-07-02T11:12:29Z
155,FSR3v98r9Tt1cjsPLSJuwjDbTqSquUjCSN,144540.00000450,2025-07-02T07:57:21Z
156,FRKfGXE5NnwUbFd2jApaWHmcLGQXbsQKM5,144540.00000000,2025-06-03T18:12:54Z
157,F75BXgQ1c9MuCm7g5Akzx2S8D8bHAQBWrh,143550.00000000,2025-07-02T11:05:13Z
158,FFj14vWwAxzHgWG7wSLo2LbcUga9QfMk6a,143550.00000000,2025-07-02T11:00:16Z
159,FM4Et9KVYATGjB5ZX3bNmtJzT1KLKtJaaL,143550.00000000,2025-07-02T08:11:27Z
160,FMAhmn8SHD9a4BfDK7Mrb7sxK27EYJiBx8,143550.00000000,2025-07-01T23:20:08Z
161,FTLxfmBx4rhB2GAKSQtQxevWs9VvT8wAwQ,143550.00000000,2025-07-02T07:47:52Z
162,F9rSDT2rzo8A5Rh1Dh82dnUYQJ7Vv5bd8g,142560.00000000,2025-07-02T06:57:59Z
163,FJffgfs6MEanH6dRhWqqmCwqfrzcPAYSy6,142560.00000000,2025-07-02T10:58:17Z
164,FNeGSNVvrHZJp8QgCMephJoAGbDyggSABS,142560.00000000,2025-07-02T08:02:40Z
165,FR9QjtdekrLs6eRLeH99RVTyxhZJ4f6HJt,141570.00000000,2025-07-02T04:54:56Z
166,FUUkQwPz9UjApqG66cMbuE7koPb31oYHkQ,141570.00000000,2025-07-02T06:06:04Z
167,F7YkdU6KYe4kX5rrvCgcG5xdigUBaTmLGV,140580.00000000,2025-07-02T05:12:34Z
168,FBmtEXaPagdfcAfQghcEEmgAxFvznJSjFs,140580.00000000,2025-07-02T09:22:34Z
169,FC7ouWf9XZHySzyQXtMtHcgpHaZuJAMcDX,140580.00000000,2025-07-02T11:01:32Z
170,FCY2MUrMLWiLDMWF9TxJr8X96eM4qneoXE,140580.00000000,2025-07-02T11:13:51Z
171,FRaeJRHWf2EfPo1QeARdE2cNNydBH3UtLL,140580.00000000,2025-06-30T23:27:42Z
172,F7boyKk59rrnJ9z8KbKBu1ETwMNDbjagRF,139590.00000444,2025-07-01T23:40:15Z
173,FJDfEmTzdA5QFrMVwbiQ1BGUjzANPDfDNo,139590.00000000,2025-07-02T07:09:24Z
174,FKgfJkhzygxN4DpXMjB22FxPRwMykZ1QcY,139590.00000000,2025-07-01T00:09:12Z
175,FRRjBc9khhUCi7USnvYuqrnXsELSt5Ng6M,139590.00000000,2025-07-02T03:25:46Z
176,FUHe89m2d3xwkCWiup67yPBSVWTpcxV7FH,139590.00000000,2025-06-03T17:29:07Z
177,fc1p2gw3zxnm6y0k6nl9thvfy80y0mkmv3v4te2c4jhfuzpp97qjzf0s7sfe8s,138995.92009479,2025-10-11T03:30:58Z
178,FKP3BZPHGqHXTeZt1stFJLp86UPDbw7pqn,138600.00000000,2025-07-01T22:39:47Z
179,FN3Hn6tA7HcUqCXkzpgREjfvYFdF9PNjrf,138600.00000000,2025-07-02T11:14:06Z
180,fc1q99g0hcq5zyy9fweczjnw70kmpt8z5uzxec4hxv,137614.60700725,2025-10-06T00:07:10Z
181,F62K71rpgDDQkdEAgrSwUPujzuvNpb2fso,137610.00000000,2025-07-02T07:45:46Z
182,FGozwF3FGHCLKRRLiWn1y2xFUZWNnNgQHX,137610.00000000,2025-07-02T05:09:22Z
183,FH2vu7QRRdT45PcpQ2X2o7KeisKQBjNt2s,137610.00000000,2025-07-02T06:41:14Z
184,FNSs4oZzxEVamXaiFHqMM87UuKLQKkRWcy,136620.00000000,2025-07-02T07:35:21Z
185,FNhiNLgKwrfnte1yhyFoe97K6SxsRjxjFG,136620.00000000,2025-07-02T03:33:28Z
186,FSxr2URuQLUrRYFjdeXxA7BZpofPSS7FQq,136620.00000000,2025-07-02T04:48:03Z
187,FSyYf4G9gd58VZfEbztG42M2yxCrUdHuzn,136620.00000000,2025-07-02T09:42:16Z
188,fc1qdh7g0m7cjhkpp25yu6v6zz5prquekh3agq0vth,135863.20259244,2025-10-13T12:34:25Z
189,F5zqCTy5qaQZpvpMZCVttz56rzjeBqdWvc,135630.00000000,2025-07-02T02:55:25Z
190,FEZHa9J832KwuN2WDN1possd7EDhD6cpH4,135630.00000000,2025-06-30T13:03:03Z
191,FFsEqGGjzbYU7GiPpfUfM2oJduTz7vo1SP,135630.00000000,2025-06-30T18:40:10Z
192,FKXULsGayZ7xrfJRX7xsTpcLczUAdhEXSA,135630.00000000,2025-07-02T02:26:07Z
193,FPwV4H1qMGRpvkP57jLHo2eeVCpW4skgsD,135630.00000000,2025-07-02T06:28:36Z
194,FV3Uh3MDxe3mcnkMcde8WpExkYQVAoV1ZW,135630.00000000,2025-07-02T02:35:24Z
195,FFeCzohuAarbnik5K8CBDbKuD9WJ4nWwVm,134640.00000666,2025-07-02T09:09:51Z
196,FRBUTh9bRffpCESgkRVNiYrMteGxwvozeT,133650.00000000,2025-06-30T22:11:25Z
197,FRsE9wuVyBoZi2bLqcdT5XmbsJ34k27zau,133650.00000000,2025-07-02T06:14:11Z
198,FAfVsY4XzXqVJ6zNa43cd8f9WLM9cNvdvC,132660.00000000,2025-06-30T22:33:54Z
199,FKXC2KHqMQhhP2AMeDcjT6KnhHE541z9gM,132660.00000000,2025-07-02T06:37:57Z
200,FJ9pGDbZH8qj53Ej5K7zmiaW9EHfCTNwMv,131670.00000000,2025-07-02T04:14:36Z
201,FK8rQg1UGgXNHxE9sHhzCTsRDZk4qmeAUv,131670.00000000,2025-06-30T21:02:14Z
202,FLhukvbimLxQg9XZui3Nw6baBiXQ9d9n2i,131670.00000000,2025-07-02T04:37:45Z
203,FMfTb8AibnyGCfjYT5PbcVVxadgyfWG9f3,131670.00000000,2025-07-02T09:24:36Z
204,F7KmGGpR24qgqt5wgetwW4KNrGanqCdrdU,130680.00000000,2025-06-30T12:01:19Z
205,F8Kg82BWFNw1H3LL8JKspKLHypb6L65jAs,130680.00000000,2025-06-30T23:52:21Z
206,FA7WbmnwPZ8ZpY4F82ZMHmgsAoAeovEsqE,130680.00000000,2025-07-02T10:50:09Z
207,FKa1cPcRiHEa2FQVnRXDXdgBH12ELca6Qk,130680.00000000,2025-07-02T08:13:20Z
208,FLVKaUB2UpLLseST9Vva6GZu9uN6vinxbQ,130680.00000000,2025-07-02T06:06:39Z
209,FSF5iThkNAg9EWHpM7zZiqYCGsBysULDPr,130680.00000000,2025-07-02T04:56:45Z
210,FUuTakxQGBu6h2XwyQDEn6yPCqsWPcv8Wk,130680.00000000,2025-07-02T03:55:50Z
211,fc1qeasnglv4nlse5t9d5vj8mhmxcm4rdhexd6w4kv,129848.23995523,2025-10-15T09:46:02Z
212,fc1qdyvvgcwr8k9jcfl0adk28cr26ksuedr3693nw4,129795.67032557,2025-10-13T00:29:52Z
213,fc1qgfn3254ac4sr6unedn62panmjhfwcyexc5u0zg,128774.20400000,2025-10-09T02:20:52Z
214,FGVhEbbv2uaVeMXuMQAsaRadrePefccEn5,128700.00000000,2025-07-02T11:14:44Z
215,FJeYzzo17ZDsNpYnnYHTfVBbFuQjsSFZZR,128700.00000000,2025-07-02T01:49:21Z
216,FMzLc4NYbmim2dfbSkJa3XNHyM4AZ2sUfy,128700.00000000,2025-07-02T06:59:08Z
217,fc1qs8j9l55zl3xlf5tfg6u4q4f7pga4ps3cn3ul0n,128061.51512568,2025-10-15T09:46:02Z
218,FCSNH8gnATEZk2XJuHHNKmrn5unJ8sTBhC,127710.00000000,2025-07-02T11:01:27Z
219,F6ZUmBsTAL9qjfWDK8dzh1MtXW5msGD734,126720.00000000,2025-07-02T06:56:31Z
220,FHVcAjRYzyFj5zwEj4MXxYP4Ve7ETUJgsQ,126720.00000000,2025-07-02T08:21:16Z
221,FU9QArLVJMWw33bno9rgPpkZBmLC39X63Z,126720.00000000,2025-07-02T09:06:09Z
222,F9FA7VosUjQ8eMgGzNy39gtd5kM83eUhHK,125730.00000000,2025-06-30T23:34:17Z
223,F7tcCQ7fo7x6dAiCva5fpR8RwycUqE8w6g,124740.00000000,2025-06-30T20:06:57Z
224,FF9R6CnBoZqtfLWYPmqUZm3VuXhEKMan7n,124740.00000000,2025-06-30T20:34:53Z
225,FRoxLFmozW53uzEk6FMpp5fkPGyE5WUya5,122760.00000000,2025-07-02T04:55:53Z
226,FUqpSyZhTwB4zqhvsTu7PDcz4Rfq6rYVsJ,122000.00000000,2025-05-05T07:14:58Z
227,FEgfiuiGeh1acVezxNSGYhE4w7NfghXNwK,120780.00000000,2025-07-02T07:41:22Z
228,FMnCwktJRLSxCJFH4KLDbjYuRvsJqyBQdj,120780.00000000,2025-06-30T16:41:44Z
229,FPrAhTr1oLruUQhRR7kbFUu9JdVQe2jG3Z,119790.00000000,2025-07-02T07:02:52Z
230,FUinBEttZLwH1beZv5eqzaxp7YQiyDU5ky,118800.00000000,2025-07-02T07:43:27Z
231,FDFfyCZbotTtD7vo2N9goyydQhac6Dt1DF,117810.00000000,2025-06-30T20:43:32Z
232,fc1q7dy0wnv2hjtan5ja93ae5ctma6z5jarczdjhme,117599.23783158,2025-10-15T09:46:02Z
233,fc1qtkqafct7s4cgq55ac2x6hgnsx9je0pkvfkfw3h,114592.70000000,2025-10-09T02:20:52Z
234,fc1q5rs5uqlyxc3h7wezdgqacxx7yya0vscnp9c8c7,111446.25304152,2025-10-15T09:46:02Z
235,fc1qal23utgppe205wm30ec9m77kfafprplyejxjx7,104411.53681865,2025-10-15T09:46:02Z
236,fc1q8ct9htxwqjjhah83al6v4u70zgqnt8x7njeaql,102334.74000000,2025-10-09T02:28:09Z
237,fc1qqmp7gedjapn74x4u8nzwxf7gr5h32596yrwst6,101234.83000000,2025-10-09T02:20:52Z
238,fc1q848vtd8ajfdseeqjkxsx0ksvah5wfd3vx6x272,100813.43308561,2025-10-03T16:50:04Z
239,FMipa1Hfujq3saVbGtq13ZDdydjoTXP67u,99990.00000000,2025-06-09T08:36:11Z
240,FRnoc57UfurAczuBFx6vHjGaddTuSLrD8r,99260.00000000,2025-05-14T06:24:47Z
241,fc1q97r5xf2hsk0v2n6pdshtykw9c0p483tsx67ts8,82010.00000000,2025-10-12T04:13:56Z
242,fc1q6dmlaj0v23n899rcw5t6ky0rrc4jx0r2fffupg,81627.98210000,2025-10-07T09:43:09Z
243,fc1q8ewrqdvzejgn6sfhxyl8xkusw7znl3u06mrtjy,77500.00000000,2025-09-17T22:36:23Z
244,fc1qdpd624f0gnu60m2hsnzy592q2gv5kdsqhsds8t,70290.00000000,2025-06-26T15:11:14Z
245,FJC5kcrKuo9D6Xpk5cGkWGgXDpviegci6S,67000.00000000,2025-04-23T19:55:38Z
246,fc1ppy6nyhjlnny46ddqmahz2f00dvmu56x524t55htnfgf4gxmdkjds6wrp7f,65009.00765438,2025-10-05T21:18:57Z
247,fc1q34uffh4v93yjshse5pkv537vmtr8cnv5930g89,60799.59641971,2025-10-13T00:29:52Z
248,fc1qhxpl08mh6py08g6dheg99etp6hddzrmzf7x5ac,55778.89999571,2025-10-08T08:32:50Z
249,FJ656niTyHi3dToe22X1wNYkKiunWv17Gx,46000.00000000,2025-05-01T21:58:27Z
250,FD7P8HhKmRGwgcucwma5kuWvM72SiBsZRT,43000.00000000,2025-05-05T23:33:57Z
251,FDK8jqRMPyVZBJvFoaUF7DmQE9kZFdzSMY,41580.00000000,2025-10-12T04:13:56Z
252,FHHRzykpexLSMe4nVUdoPicDboMAvpUTWr,41000.00000000,2025-05-08T15:58:59Z
253,F6PqLFPwv4anYb8by2ctkEPcFSo95ffxde,36630.00000000,2025-10-11T20:18:50Z
254,FMq2H4xeCgJvwGpjJxtjxLFgtyit6xreHc,36630.00000000,2025-05-17T02:24:52Z
255,fc1qfpm0596sv3ln938qpjhlxn76qstrleyn6jv2cm,35755.55488467,2025-10-15T08:07:16Z
256,F6xgyjMrh7b8nWGvFSHERp7JGrupTVA9Z3,35690.00000000,2025-05-23T10:08:41Z
257,FEqShzAPUZKoQkHdMSTz5QzBPy11Xmx2oo,34830.00000000,2025-07-13T05:09:20Z
258,F6f61S7FPguD3W4QXWzMbXsmyZUnjvLkh3,34720.00000000,2025-05-23T05:57:00Z
259,FPNzVvm9Ve3ffd4scbReDfYJAhnw5qztxU,33710.00000000,2025-05-23T09:52:45Z
260,FR6oEBr9kGub397ftbY8i4B7Es5UvsRMpd,33690.00000000,2025-05-23T10:07:04Z
261,FDiBjVkx2zM3VhwvmYosQVRzf311JPDrsu,32750.00000000,2025-05-23T09:42:05Z
262,FFvCsfGmXzhDu8ARH4Qjh4YKSxC8xonK95,32750.00000000,2025-05-23T06:21:51Z
263,FAeSvre6gbnSdccvTcEHpJRa8nkNJ6d1TF,32710.00000000,2025-05-23T09:24:10Z
264,FEaVq5ZYyejTFc1jguBHusZpk8DE96oyTH,32670.00000000,2025-10-11T20:18:50Z
265,FSuaUkKCk7BigerprGovuuLhH3NQmXyFL5,31730.00000000,2025-05-23T07:45:30Z
266,FA9qn3mLnDNgQtJFncnRLFs6PcmejuZnec,31710.00000000,2025-05-23T07:32:36Z
267,F8VUE2RE76xn18iv7zL1hpBxXjkerMimPX,30730.00000000,2025-05-23T00:52:46Z
268,FRUGE593UALLmGM7eG2mWSex5LtzzhYXE6,30730.00000000,2025-05-23T07:21:58Z
269,FG9LCbeDek5gExqzopyHMYmRMx9puBHMrR,30100.00000000,2025-10-13T02:07:49Z
270,FC4XVCuWpCQ9r8qGiBYQ5b5v6Y83dJ6RT9,29960.00000000,2025-10-15T10:47:39Z
271,FRfkMqs3hDiujYWeZfuqZoaRHrsMwy8SV7,29750.00000000,2025-05-23T08:13:27Z
272,FV7UQX6bXUFd7uQzYNUL9m9y6hyANqmXme,29700.00000000,2025-10-11T20:18:50Z
273,F7r3Wjq9pQruyfL74Ugu1ifFZHkDm63p7S,28770.00000000,2025-05-23T07:43:30Z
274,FC758kK4Nz4sVnZgzQ535fPaEzavU9g6oq,28760.00000000,2025-05-23T09:48:03Z
275,F9coiDagg2hJciFxgDkCqR4gzGTQ8qQWo4,28750.00000000,2025-06-18T10:57:10Z
276,FCgysjJpJQU2MdsjQiqoA7Mq1BvRYTDyZK,28750.00000000,2025-05-23T09:21:12Z
277,FDgGWV5Po5xPRbYVj6uBRze9zo8Rtq6dxw,28750.00000000,2025-05-23T10:02:26Z
278,FGMw3N9gVQEkW5zfr14eEWpiUWTarqrAXZ,28740.00000000,2025-05-23T08:57:01Z
279,FAQBskwC5bbse3ptdAqbtg9uzoKwF3oo3w,28730.00000000,2025-05-23T09:30:55Z
280,FEyHRMzRXuDSZ5Dw6JCSbrgK8a77p4LahU,28730.00000000,2025-05-23T03:03:16Z
281,FTArfpH192dURLkWjyzbeVMYucVK9fqzB2,28720.00000000,2025-05-23T06:04:59Z
282,FJwyMePJesj36BQyVXBrLrJdWjsNu8oqgs,27800.00000000,2025-05-23T09:46:46Z
283,FAd49w1p7MJ61B5PmtbPuTZRGVoPo77zmi,27790.00000000,2025-05-23T07:50:50Z
284,FGCSrPTT7tganYwZmZy1Q7CQagHdnJmQnD,27770.00000000,2025-05-23T02:19:43Z
285,FJuL2zmN5fjNhDukuC7At15oxwBb86uzkR,27770.00000000,2025-05-23T08:38:21Z
286,FSDeznYHuiNkWZ96485QQPTATxNELR7L9M,27770.00000000,2025-05-23T08:01:44Z
287,FUP2Fn8UZBDBRkPSN5ywe7k4ArrrP1cbuw,27770.00000000,2025-05-23T08:20:34Z
288,F8HZPb4eLx4PYskkPmUPbjREMhArxn5vTy,27760.00000000,2025-05-23T06:43:44Z
289,F8mszEHq2K8LgRYAw2McNCNsGyhc4s886r,27750.00000000,2025-05-23T09:58:50Z
290,FAgsVjByNAHmwJUtRZoG8eBVPvhw3WXjGe,27750.00000000,2025-05-23T08:09:22Z
291,FQATH8Ad1W96CfjNUqdSETMg9rtJCxX4qT,27740.00000000,2025-05-23T10:06:13Z
292,FTAVbi8GjbUvoAHzxwcXa71BzboAnYNr1v,27740.00000000,2025-05-23T10:11:24Z
293,FMs1BtBaEeLXttfMcqKnFWJrofnAvuufUe,27720.00000000,2025-10-11T20:18:50Z
294,FJZ91bYSn1CgTRMmyHEa1mcp1H9K7bbu2F,26830.00000000,2025-05-23T05:17:37Z
295,F9uBEfQLgzs2tLwbmwEVLAMPUzzBCpM7TU,26820.00000000,2025-05-23T05:13:49Z
296,FJ5VJ3xbHej14eyxegFpr1TGX2NrF54aVD,26820.00000000,2025-05-23T08:45:43Z
297,F9o6wZnXgz2EzseYC3NRYUwmUzntTU61tJ,26810.00000000,2025-05-23T09:33:20Z
298,FSwzxdHKomiVXQCBBAZWz3SC9eu61CKwHh,26790.00000000,2025-05-23T07:18:28Z
299,FAgys9UjjgmHkr24zRR7989FEqzesfPH7m,26780.00000000,2025-05-23T06:52:24Z
300,FLYErP8TZzwUp6VHhyPBVa7uPa3oRtXRXL,26780.00000000,2025-05-23T09:49:11Z
301,FTdgGPNa3CexbCBk7cnfoYDLJhgmAiee4s,26780.00000000,2025-05-23T01:19:13Z
302,F7TAmoEWCWedR7ip2v64yyhq7WSyriF5tH,26770.00000000,2025-05-23T04:21:03Z
303,FQ1qXxrgANBbWNSFy2YgfjVcbDG2XA5XCV,26770.00000000,2025-05-22T23:23:59Z
304,F7RZR4sKXKCUkDRfWm3gafH8LXpa3jCuqf,26760.00000000,2025-05-23T06:47:30Z
305,FBh3JeXVxcAeNLW9sKrcst11TYMfQbjwRj,26760.00000000,2025-05-23T10:01:49Z
306,FKQop6AYcf3K6DLzPN34KF3Hb9vJ71DUqk,26760.00000000,2025-05-23T08:48:43Z
307,FKz7FzMdHNMLRAibWHXC8CcA3jdDjySbd4,26760.00000000,2025-05-23T08:04:51Z
308,FNo3QyQbMJVBUK39XeR9cEr5LUksD4rEhq,26730.00000000,2025-10-11T20:18:50Z
309,FSjmGpvtG8rd9Cw2Cuc9ytXH2H1TtVEUhJ,26730.00000000,2025-10-11T20:18:50Z
310,F73V5vW6TMoDJfugibk3kV4tnZ2K46VKFV,25810.00000000,2025-05-23T09:26:35Z
311,FUr2ta8cLrLubLvtzXzeZByQqTMtNKft64,25810.00000000,2025-05-23T09:57:39Z
312,FBUhrTrTF77gHLmaXc7JmNbLZ7q7zxhZN9,25800.00000000,2025-05-22T17:35:45Z
313,F87Rm7dAsGvezgsMDoMJRZBQ1Byg8UkrjG,25790.00000000,2025-05-23T10:05:19Z
314,FCXFc7hFr35N9YroR14hXFHwjxE8XStqmS,25790.00000000,2025-05-22T22:46:41Z
315,FFc6qkPrejJRHpHDRdc6LJWKJAYrAVrs9w,25790.00000000,2025-05-23T09:39:55Z
316,FCKFjFUrMpKEQEBT8onJJJB9uGR5S2XnJT,25750.00000000,2025-05-23T03:09:15Z
317,FHeZGLUwZ2EUhWicQMad1aC4TJku2r6XKn,25750.00000000,2025-05-23T07:23:47Z
318,FSd2D8VbgFJqAcECNd2ZkdCJVXDcfVNuAk,25750.00000000,2025-05-23T10:04:23Z
319,FA8jDfrb3uqdhmkhqKu6Rgcoe9hreSNYMG,24820.00000000,2025-05-23T08:37:43Z
320,F7PJYuTC8EchRhMiBmanL3mPNxrEoMtemH,24810.00000000,2025-05-23T08:12:25Z
321,F95yZsanMG3H5vF71fSLUGtkdL7Zz6T5G5,24810.00000000,2025-05-23T03:32:03Z
322,FRiYzYcDJisdtbuVPo3whLvHq2sm2FPz2v,24810.00000000,2025-05-22T23:55:27Z
323,F8W5ZMEhERdydU8cwGV81oU2H2WajqpsLX,24800.00000000,2025-05-23T06:06:19Z
324,FCwo1ta44KacHh1aX7k943GzUWkRk5LtR3,24790.00000000,2025-05-23T07:56:11Z
325,FHy2q2wjyR5kApG65YMbDCbY5jnyFdZ95u,24790.00000000,2025-05-23T04:10:58Z
326,FJuLG42LkQBr4FLz3su5kCEHd2V4oFcCqP,24790.00000000,2025-05-23T08:44:50Z
327,FMdNb6QUtQ1Lh7idnucZytnvX3wd7XULVE,24790.00000000,2025-05-23T08:30:02Z
328,FNaBXS1pmYEEiXqjh3LT58dNpgvqQHpgdX,24790.00000000,2025-05-23T08:08:38Z
329,FFCHc8CEgsQevaC2kr3nATDnduZugrPjgV,24770.00000000,2025-05-23T10:01:03Z
330,FULm8SpFDqEtjXUMtDKfeFZmQcXM9s2Xfh,24770.00000000,2025-05-23T07:39:39Z
331,FFNtnQVHaKrJChHqXkYaoyntNJkeAkPs7a,23840.00000000,2025-05-23T10:09:53Z
332,FUhA739pKvVPJdf7eruXt9udaQg8q4fo9R,23840.00000000,2025-05-23T00:08:34Z
333,F5yAcewjzkdDniAzB8hCXcYgJ1pGyyGV1y,23800.00000000,2025-05-23T08:55:23Z
334,F7jbftYrqW67FHAFsjY4TBTEsNTM5WrVeX,23800.00000000,2025-05-23T08:34:49Z
335,F8zeM8yCGJj4FSgJN2NEhAkabYxrpByJTF,23800.00000000,2025-05-22T20:24:53Z
336,FMPG4W9f4BnBbdLg2EpfwcJkioHfgQ3gzA,23800.00000000,2025-05-23T09:40:27Z
337,FTF5fiiL7DrceH4RVHe9a4FpPmHbaYUPw1,23800.00000000,2025-05-23T08:07:05Z
338,F64bP4qg3KX3S9SEytF96HjH3tWXgpKqjo,23790.00000000,2025-05-23T07:14:24Z
339,F7NKhotQJLjXUurEoGj1XNaaycVBTvokb4,23790.00000000,2025-05-23T09:53:43Z
340,FHMk1uirWBjdEoN859cD1XFYjjWce5q2TP,23790.00000000,2025-05-23T08:46:34Z
341,FRak4aRbdLv9yHjHix9yp97krWGMcuj33b,23790.00000000,2025-05-23T09:36:06Z
342,FMDJmr6yyLH2w5CdSR5zjRBT7wndavcBBy,23780.00000000,2025-05-23T09:13:51Z
343,F7MCZEjrvkXRaFCR33FeGBbHLi2bZizF67,23770.00000000,2025-05-23T08:48:10Z
344,FRf82BeRUA3kA5WpkgpvPMKsAD9scPZ3MR,23760.00000000,2025-10-11T20:18:50Z
345,FUcvMPsQv7GVoN1d4Bf7bjNRH3KQUTP4XM,23760.00000000,2025-10-11T20:18:50Z
346,FF7Lg92sBtjaNFRwNepHDG5F6om65nXJnG,22830.00000000,2025-05-23T07:11:14Z
347,F7Xd6huSFP5T7sLUmFFDTnzMFfsfWhUxEB,22810.00000000,2025-05-23T10:12:09Z
348,F9W4jnYNmC4LqoQe3kSbjonF5MoAvWu6WX,22810.00000000,2025-05-23T09:37:25Z
349,FCBbRsEsAkgqHxi2A1XudGfXiFpfr2KkRH,22810.00000000,2025-05-23T03:22:48Z
350,FN771Xn2owaz9Ff9YgnjCkrXrRVs1mbYLX,22810.00000000,2025-05-23T07:37:52Z
351,FPJAUrYcKqGuDp58AJpx5A55gFud8MtgpG,22810.00000000,2025-05-23T09:09:25Z
352,FSkGoKbEFFD5BMUG7Y4a6tuZdY5LrNWBfZ,22810.00000000,2025-05-23T08:18:05Z
353,FC9bD1fxnh1fNPRgPW3LLFKWKgrqbamfJz,22800.00000000,2025-05-23T03:35:04Z
354,FM1gfB2QcwKrAWJHSLEQ2de8816o3c6Y1z,22800.00000000,2025-05-23T05:21:08Z
355,FDEzs7StWbKmckrncCJemNBXM62VcYS5U1,22790.00000000,2025-05-23T09:00:01Z
356,FHovMEfzrGkaNQPStThz1ZSqr7ciG4mJua,22790.00000000,2025-05-23T08:33:29Z
357,F6HMULoXRXjtyzwJXTGGt6d4ETfs5hiWtG,22770.00000000,2025-10-11T18:27:24Z
358,FCSR4bxYU5DqEswdwtA9puMLKnkvAKxxty,22770.00000000,2025-10-11T20:18:50Z
359,FQPeosvN6BXzpRBUShSVaDUaCLSkX423yr,22770.00000000,2025-05-23T10:14:04Z
360,F62zKMD3W1qZ4xk5u18jqx3uGZ3V2Neyrs,22000.00000000,2025-05-06T02:58:27Z
361,F64msXs1LwhQU46uxcg8WBKf6WH1uFZpZg,21830.00000000,2025-05-23T02:08:11Z
362,FANdEM8Gf7VcLFaS8khR7Yngm9zhoCUYZV,21830.00000000,2025-05-23T09:04:16Z
363,FBLi2YDYtHLPzz1L6s98MEGBbWdPgWWPgw,21820.00000000,2025-05-23T07:05:17Z
364,FHsyE6qW6RMsyfy78LNeB91R3CSHB3HC56,21820.00000000,2025-05-23T09:06:47Z
365,F6XYNLqdaCtaRJuDbb5U83o3sVYytj6SaY,21810.00000000,2025-05-23T07:49:23Z
366,FK1DpJguaegQ2WfmFZrsmiSbenNnQYy6wD,21810.00000000,2025-05-23T01:54:44Z
367,FPjWR5o5qeEwYCa5v5Lm1wxTkxuNCZZdAH,21810.00000000,2025-05-23T09:29:38Z
368,F65Mqxd6319Kjcg8ckMMuUTxtVXqWQQbBe,21800.00000000,2025-05-23T09:33:59Z
369,FAYKKajmZrkh1z5fqhc9cCz73yYc4jtnyF,21800.00000000,2025-05-23T09:34:24Z
370,FEbVUEY6a2atG4kcPPDotVKYRdpGK2gyvy,21800.00000000,2025-05-23T09:55:05Z
371,FQk4dfAJ8sGV5qD19SyzqMU6ZFywoa3GK7,21800.00000000,2025-05-23T08:19:33Z
372,FReFdPVqtoKESo4bHqLbzDakrEY3mY17tt,21800.00000000,2025-05-23T09:42:54Z
373,FSjyeEbiA5MfoNQkBhBiaVa6uRkqR9iRTy,20860.00000000,2025-05-23T06:11:27Z
374,F8BDdoiAxsMGukvxrhTvZd7NG3XdDTmPjT,20840.00000000,2025-05-23T09:25:33Z
375,FDZAsMHQLnBX36SJ5Vm4rdCUVhVjbaTo22,20840.00000000,2025-05-23T09:03:22Z
376,FFahgRajCPdth8fdrw8C7mV79AB3aQEPga,20840.00000000,2025-05-23T09:25:00Z
377,FUAbnBxAaunRKfUSdEym36Ya3FsVGwHGZm,20830.00000000,2025-05-23T07:38:48Z
378,FKNztfP2KhGyqgFUaMzdwVxypeZoC26EeA,20820.00000000,2025-05-23T06:47:01Z
379,FKQQT4uijznLJrmkmHoPztm3TPy2SwJL6u,20800.00000000,2025-05-23T08:50:20Z
380,F9BkXV9WJCyAUf2Kzf47rrLEz8d39jFx99,20790.00000000,2025-05-26T09:44:52Z
381,FNzuc19mznEDG8NXJZQ5fKQ3oPF1mQTGNn,20790.00000000,2025-06-01T14:29:52Z
382,FPQuM4tj3DNoQ6nmC5zq7HeaiBujrbyFg2,20790.00000000,2025-05-23T05:01:23Z
383,FV5LssMbp4LBYNfwrabK2nwP2sRPT2tWoh,20790.00000000,2025-10-11T20:18:50Z
384,FBmuXw8UQCEfTEtUkxjyxWwPeyaig5tkJQ,20000.00000000,2025-07-13T05:09:20Z
385,FPkDfhsgLJaNXoMeKHLp69D8KJEdRwtxQ4,19920.00000000,2025-07-13T05:09:20Z
386,FDYPxe35pNay7idG81Ku95NVmpL7PTy13V,19860.00000000,2025-05-23T02:16:29Z
387,FBzzh2yEFgT5HAKM5dTtECKpWAjxx1Ew1E,19850.00000000,2025-05-23T09:05:47Z
388,FUdppZnzo47bh85tNDG6Z1jfQz3e1s9zns,19850.00000000,2025-05-23T09:50:21Z
389,FU34juifcDRVP8yy8U9f2NSTYea2xSAA4j,19830.00000000,2025-05-23T09:38:55Z
390,FLkixHZfz2asyvDM8bmsWTj3gspGi9zmtk,19820.00000000,2025-05-23T07:41:27Z
391,F7u2NJPD5fKsQDm44UKLNCsE3F9it3ZhdU,19810.00000000,2025-05-23T07:22:52Z
392,FDh9p1Gf7rbGWaxcxyNKC4BK88NjVP287d,19810.00000000,2025-05-23T09:18:19Z
393,FAr9aDTMn5ewaqwoGCKKdkuy4WJEgSeP6G,19800.00000000,2025-10-11T20:18:50Z
394,FG2tkn34Aeha11Zof7QQvW6qGR86hd5VuK,18880.00000000,2025-05-23T08:51:26Z
395,FAnC6aRu8LM7LHk5fGScvMmRts64AjJh2r,18840.00000000,2025-05-23T07:46:31Z
396,FHXrnPRERZUJtfmqjVpGMQhAgLgcSzN3r3,18830.00000000,2025-05-23T04:24:32Z
397,FLsSQWfRQWPmBoyyWNybf8npQ5SaKYRjjU,18830.00000000,2025-05-23T10:08:01Z
398,F8Q3ZwJEtLmm3yQjpnL8rhLdKyFGS2ysKp,18820.00000000,2025-05-23T09:11:47Z
399,FFo8UbzKghaWUeLRx5q9MhJxb83XR2oBov,18820.00000000,2025-05-23T06:10:06Z
400,FMdBzWKHx1CvjJ5d2ytDd5X6KPoHwK9bhD,18820.00000000,2025-05-23T07:51:52Z
401,FCK4kd3uvQZrLZd2SxiRmYPAPnihLGrqGm,18810.00000000,2025-10-11T20:18:50Z
402,fc1qcphfzahl3vcpwmhrucanac7ywc8juz5fxg9eez,18731.18920000,2025-10-09T02:15:16Z
403,fc1q5mr2vr2hly2f6s5h8d0sq0wa6ppzvlfttwh8h7,17976.40392540,2025-10-04T00:20:24Z
404,F825aabKMKNw4jEHhZj9AoQ8kSeJQCceAU,17860.00000000,2025-05-23T08:21:36Z
405,FT1k6P16FgUAcRu2WmhqfAxFWuzHTEcZLd,17860.00000000,2025-05-23T03:46:07Z
406,F6VWMkzedMVpoGbccn4GuVv7vhv3T2ySNi,17850.00000000,2025-05-23T08:05:42Z
407,FDAmxeggTrJFHgpQ1zFDWaukuX2pGGzmbN,17850.00000000,2025-05-23T00:46:42Z
408,FDSgb9A96nhTXEQMhyekWJeJUM9H1k9JxN,17840.00000000,2025-05-23T06:53:37Z
409,F7rLW6xsjimE2PaaYBpSpHQKhraHhVE2To,17820.00000000,2025-10-11T20:18:50Z
410,FHDUKuvJa9ALqsYNLQW7TFLX41eK573nea,17820.00000000,2025-10-11T20:18:50Z
411,FQRxKDoKTd1SP4zPGkGa5wDoxV4VQ2Ywec,17820.00000000,2025-10-11T20:18:50Z
412,FSpeRejLS8gMNoGxBL33P8YEvwbwwcwUJk,17000.00000000,2025-05-09T02:05:06Z
413,FPPTS7fzVK5W378Q4mtw6nHFuWtwK67V7o,16880.00000000,2025-05-23T07:28:10Z
414,F7KHHVJ1Dnw7zFMFqmxRT6g66HLHAnBWTD,16840.00000000,2025-05-23T06:57:22Z
415,FLQ8yg5ynjpG6S3hryW6A9Hi464QjLFjVa,16840.00000000,2025-05-23T07:00:24Z
416,F7Mq4pb2yqKHYro6nCv9wEzr2isiijfJnK,15860.00000000,2025-05-23T09:01:00Z
417,FBjuJYvyH9mgcjATHqtvSicgBsfrTHtA3H,15850.00000000,2025-05-23T09:56:41Z
418,F89CMYKhmdRQ62VaCkUYyZtQ3m3PxzY4LB,15840.00000000,2025-10-11T20:18:50Z
419,FNoWKHU3MG3h9dXFjacekQWP5cZEY5dXcC,15020.00000000,2025-07-13T05:09:20Z
420,FFqdasVeGUdQsdDUkJvNihM5V4s3jaLy2A,14850.00000000,2025-10-11T20:18:50Z
421,FGE7ihjUN6Q347MTJUuGhda2mjKCXkStjx,14850.00000000,2025-10-11T20:18:50Z
422,FS8sg4TbNCVat9gfkkHdT9z2SrUqhrgbvf,12900.00000000,2025-05-23T05:31:58Z
423,FTxHVE2eFV9XRGiD7QNfgmGoZJJHrfp361,11990.00000000,2025-05-03T12:48:27Z
424,F9pBKhpt1rmmyY4Rp8okXuNVtbHd2Zjgiq,11900.00000000,2025-05-23T00:19:21Z
425,F7wWSPkqXn2G8e47ka1vAaNNMXaengVcNv,11000.00000000,2025-05-01T08:40:28Z
426,FEbuh29JgGJTg8hi8xpoqim9fERDybbDuz,11000.00000000,2025-05-02T05:59:38Z
427,FQPH53oWGuamfM4w1k7krYHzN14LC5FF7u,10920.00000000,2025-05-23T08:16:10Z
428,FG8VYBEEDaPevpMQLCk9gqQWYuX2aDZz7j,10890.00000000,2025-10-11T20:18:50Z
429,FLuAAU1hCe7T7hxrEE5rFAZvws4cXGTH5H,10890.00000000,2025-06-08T17:09:37Z
430,F8iswqySkn2CiErRBff3Ut4uASYDPfWvf1,10000.00000000,2025-05-01T01:10:01Z
431,FAcUSoF4hQ9HjMCch6mEnfeW7vTq3UJN1N,10000.00000000,2025-04-30T19:46:53Z
432,FAtTRMMHqJ8GhtAHR7rrpNfZRiiEw4F9hv,10000.00000000,2025-05-03T00:45:03Z
433,FGFT92fTAJpXcihEqg6LKSBDLRbaQSwxK1,10000.00000000,2025-05-02T03:03:12Z
434,FJ3ZvTRjzsw2rER5griEi1mjf9an8VM4P9,10000.00000000,2025-05-02T21:00:55Z
435,FLgKVxytzdWfF4X6Xz82BR3yzwmCZvUWbg,9990.00000000,2025-05-03T12:31:26Z
436,FHeqZ6XryATrPFEnCTXmCZPFfDPRbT3UYX,9900.00000000,2025-10-11T20:18:50Z
437,FHC51t6cPDn1MCrtj47kYNry9CTusxUiUy,9500.00000000,2022-05-05T00:50:24Z
438,FHZBr6qUcyG12PFWxbA3BLMfwWooJEnTfZ,9000.00000000,2025-05-01T15:07:09Z
439,FHtk6vFMmJaFc2BFV2EQ2Ay6n5UJz5q9B4,9000.00000000,2025-05-02T17:06:23Z
440,FKgnUScT2my6jhYf2LBSNsSnt5NtTwhc4N,9000.00000000,2025-05-02T15:16:02Z
441,FMfHhFbZCVoXF5Mkio76MVVx9XVuYzDYMS,9000.00000000,2025-05-01T16:40:29Z
442,FNs7RmQGaV9pAsXtbsqtauSmHWKGys7TDb,9000.00000000,2025-05-02T14:16:13Z
443,FULyid5yAtGxh8B76MiZrVCMvT7LVWy1we,9000.00000000,2025-05-01T16:15:55Z
444,FCKoX55Hp8qBL8GEdYV421Zwtc2oHHfj7G,8990.00000000,2025-05-04T05:42:39Z
445,F8fM5VBf913vQzTPHcHQQZe6mS6Sp7nXkJ,8000.00000000,2025-05-02T07:57:27Z
446,FAUVyEjB2KeNQ1wQJAndr3jBWdPXJD2cg2,8000.00000000,2025-05-02T13:40:00Z
447,FCTQKGKH5AMP3gEyNEo5seiadVS9oKoRmW,8000.00000000,2025-05-02T05:15:32Z
448,FDN2JrTvKC8xZ3djticWxHgZhnPuQragfW,8000.00000000,2025-05-02T07:42:46Z
449,FDRMxXwvgk7vRdFdvkuLH7XUxAitkrtQi5,8000.00000000,2025-05-01T16:21:02Z
450,FEoD3uu4L4jMsapeZKbPFmzBDhvBdo4stR,8000.00000000,2025-05-01T02:36:25Z
451,FEwfvza73dCuC7WSJdFXhngTBjXwgfWKRc,8000.00000000,2025-05-02T05:04:03Z
452,FFM1Q9emSiKi8mqEjfJFgXvpcVDq65ucY9,8000.00000000,2025-05-01T11:51:27Z
453,FFxgSiGeRWKXp48vTUyjLLokqK7xoXEA8W,8000.00000000,2025-05-02T09:52:00Z
454,FGqXaZbTVkMCNsR8GyTfZUAsE3sLwyvBeK,8000.00000000,2025-05-03T02:28:58Z
455,FHie1DnQG9cP4TFtd7juR842DBGxoBRUAM,8000.00000000,2025-05-02T07:56:22Z
456,FHn7QGg49WPJH8qGjpz5xt6NTDWhnGZwXJ,8000.00000000,2025-05-02T16:59:55Z
457,FJDu6dKNPaeZ1DqiZaGy3rk1KSHW3qoQhS,8000.00000000,2025-05-02T20:09:16Z
458,FK5CgdqGNSrAKbWG5UTgxsBtYWuaBJwoX2,8000.00000000,2025-05-02T20:36:59Z
459,FKPdKxf33j4LSvRfBwiMb81RY4qBzrt3ES,8000.00000000,2025-05-01T17:10:39Z
460,FKmvvxFfnoxmCYzUuq6Vfpe6qddRv8NRjS,8000.00000000,2025-05-01T09:23:03Z
461,FLQ4xRBsJLzBSqoEBX43V228qdxws72Wbs,8000.00000000,2025-05-01T10:18:39Z
462,FM4346F6btyhUDythTjUKQV5gS9RDTyo1M,8000.00000000,2025-05-02T21:23:32Z
463,FU6P7Z3UMv1Wb5m5XNBFKMc5f4Cu6dYieV,8000.00000000,2025-05-02T01:37:42Z
464,FUZubXXe1qEtzpaXwZzZAyLwfWbGyqerhB,8000.00000000,2025-05-02T08:59:53Z
465,FV6KR22Mz2ZVBs3Dzq3oTenui5VZKMMe1F,8000.00000000,2025-05-02T20:03:02Z
466,FB4WfEDuK91LRoQeikArdANWugLFKPfx2C,7990.00000000,2025-05-05T09:33:38Z
467,FDu6jQyeuNpHDLEeVhWEzbPrkaG9JaXiiT,7990.00000000,2025-05-04T16:39:38Z
468,FFMiMb7c74NMGCMXEESs4rUawzaBDS37HE,7990.00000000,2025-05-03T21:23:23Z
469,FFXSWEBEx1fSm4gMpbdS63QzFBUMU3Vt5P,7990.00000000,2025-05-03T15:22:40Z
470,FHMFJ6An2QTCXYJV4bXgzj1Doea58PMbZB,7990.00000000,2025-05-05T00:12:00Z
471,FQuwbjXFCGEb8Lqj7Za74giK6UX3bnBXji,7990.00000000,2025-05-03T23:05:43Z
472,FTH2ew5gySDVjAQt9CESzDsj37vSrbBfch,7990.00000000,2025-05-05T18:25:39Z
473,FU645eDfoYHe5F8wNJXbpUyHDvdFdno9wa,7990.00000000,2025-05-05T09:28:56Z
474,FDkDn1e1qpJhMuZ22tNnoDzLe1EheMSo1m,7980.00000000,2025-05-05T06:45:48Z
475,F7yVHtXWQmtmiWRwxP9PuqppqCx8kvUGmg,7920.00000000,2025-10-12T03:13:34Z
476,F7viEAeizW9kjLUXTAoJzih6zBYFRVgtte,7730.00000000,2022-05-05T00:42:05Z
477,FMuapx9bNd8iPovoAt9hX27bCxA8cTmyL6,7710.00000000,2022-05-05T00:47:06Z
478,FDsn1bRb7XicaatoNRTPmXxqiW5HWFMGwM,7540.00000000,2022-05-05T00:47:06Z
479,FJumkntwhkZbmkAwweGgRxqhx9aZNjQr3d,7160.00000000,2022-05-05T00:50:24Z
480,F5sQcx7fMJji4RboMYvnU445bdyd2Zkdon,7000.00000000,2025-05-02T15:57:08Z
481,F5yZHrGnA6A2Ub6VerrCMFfjXt6Couj6MY,7000.00000000,2025-05-02T05:06:42Z
482,F6X4xSNJ4G6pE3gs6aBM8GZMJ7EgXY5oLt,7000.00000000,2025-05-03T02:10:28Z
483,F6YsC91dtAh3BJm1QHKtinBqSrMQCsAPU1,7000.00000000,2025-05-02T22:23:33Z
484,F7a5Scgm5E9zkuAMdx48yUtHgHuLKU3VvL,7000.00000000,2025-05-02T02:52:53Z
485,F7qt31ViVCVmmWdPSYkRoQFKNe5Lq3eU2q,7000.00000000,2025-05-02T14:32:24Z
486,F8tuvnpoVXy7hFr3EiWe6SSHHxdhKMqrq5,7000.00000000,2025-05-01T22:49:47Z
487,F967FKuVCkUfXH65s8uoWMLEdA8keB3htw,7000.00000000,2025-05-02T02:41:17Z
488,F9XKp8byMi4dKDySANYPUkkyWFC2XqPFkF,7000.00000000,2025-04-27T21:18:45Z
489,FAFab6ecvYZVWpga66EjuKPCC9buG1jkrw,7000.00000000,2025-05-01T16:57:45Z
490,FBDTKUEZpkYTWSyxdV2QZJZ19St6ioPJpw,7000.00000000,2025-05-02T05:35:33Z
491,FBtU4D9Zb8fiyJFwHfhD5rMDncfDLVpch1,7000.00000000,2025-05-01T22:24:20Z
492,FCJ6dY9CBYieLK4wDiJsNx74HjNiotgige,7000.00000000,2025-04-29T23:04:41Z
493,FCPLdLR6L6ZC7akYDZeBq95rDsyzi7Tx1m,7000.00000000,2025-04-30T17:11:57Z
494,FCScvrmSb2ZHjuNn1ka4A3agMu25mutnHD,7000.00000000,2025-05-02T02:46:11Z
495,FCYMAFKneDYykMaSXZQhxf6CnKEc5WqV2i,7000.00000000,2025-05-02T00:50:36Z
496,FCejz91Lib9DGn3hSAku4tbc3fSPYm24dJ,7000.00000000,2025-05-02T02:33:12Z
497,FCgYcqYZWm5phBjM9xm2DqKJcMgQGANm5e,7000.00000000,2025-04-30T20:47:01Z
498,FCjkvQBznSEGCfJ4zZcktuNaqUpGZAcCwa,7000.00000000,2025-05-02T05:11:53Z
499,FD5U5oLcK6uJru8mWHHA2r8A7C9NKPz8cu,7000.00000000,2025-05-02T09:55:49Z
500,FDDd43b5TLcSDtgiSmLW4TSBGmGBNdGcP3,7000.00000000,2025-05-02T07:33:51Z
501,FDVyDF1tKy2sTdqxsUa9xjsTxuWvojgB4V,7000.00000000,2025-05-03T02:27:48Z
502,FDjaahE2tVLkz2ySvgZuMzcLDb21FXNUEX,7000.00000000,2025-05-01T14:25:29Z
503,FE3689A6PJ57M3FeUvDB3kFgi15y5uTM5G,7000.00000000,2025-05-01T23:44:28Z
504,FExgTDYen5ULKc3KNrBytaMpxKEmr45cVG,7000.00000000,2025-05-01T02:04:07Z
505,FFFgU6cTxRHvubgwAchF8tSEc6zQ4iTbva,7000.00000000,2025-04-28T09:35:06Z
506,FFJBG7S5rCebrCVkY48YaGK1LMjqViXa8B,7000.00000000,2025-04-28T12:56:01Z
507,FFhE1omPJdixEQMdPnz4MuYFwXpgPkzXVj,7000.00000000,2025-05-02T19:54:26Z
508,FFk23p5gUU6HVYNWBPAhXXSXhRNK84TWHc,7000.00000000,2025-05-02T21:21:54Z
509,FFkdQLBcjh4yGVmmkgyBAVx1eMb7drJsbw,7000.00000000,2025-05-01T17:14:33Z
510,FGTZPjTCrxYZBKkPWkQywD15gtqa21x8hs,7000.00000000,2025-05-01T23:03:29Z
511,FGZbNkCee997MnpnJXtmjXsK9H7T9v26Qy,7000.00000000,2025-05-02T14:03:34Z
512,FGfSYpFHdGihpHQVhw3zVhQd1YUufo9w9P,7000.00000000,2025-05-02T13:28:28Z
513,FGqqi8U73c6ZUA8uBj4LdjZmMvKenm2MYx,7000.00000000,2025-04-28T04:21:42Z
514,FH5NRc4E4rh25pvh7mKmpoH2d6BRucbf6p,7000.00000000,2025-05-01T04:09:05Z
515,FHa5cxdJooL7jdAAPuWYPMrskENbpLS7Gn,7000.00000000,2025-05-02T13:17:55Z
516,FJ7p4p5rFMdgCpVrbknoFTjUU6CAxXS31F,7000.00000000,2025-04-30T18:28:41Z
517,FJRswKh8w191ntzr8joFJU4KdyehshSdRB,7000.00000000,2025-05-03T06:14:19Z
518,FJvuXD3VPwEp8sb7QTsmWtJp24zZ4JZKkt,7000.00000000,2025-05-01T13:55:20Z
519,FKLvVQqbBMYk1AcSCLSZRnpYDqugW4Z1k9,7000.00000000,2025-05-01T18:31:45Z
520,FKUqNrXRsLQAdABBvy2pK9SiQkzHGgxYEF,7000.00000000,2025-05-03T08:09:03Z
521,FKZath14w8CVTAjL8JTtAgXNUJdSDymoug,7000.00000000,2025-05-02T00:12:10Z
522,FKgiXFNKJAhzADFzxzxV7kiXK6r7a2XdYS,7000.00000000,2025-05-02T09:25:54Z
523,FKrBjhmvAS5TXL5GrA1goer7vHjC7pg44N,7000.00000000,2025-05-03T01:51:03Z
524,FLXHjTh7mEtDS8NWxeySMh2PBrPRySQ4oc,7000.00000000,2025-05-02T20:30:10Z
525,FLcDcGLGwo76PirEUFaoD3CoDqW8YH8Nvi,7000.00000000,2025-05-03T06:23:29Z
526,FM4sdwb2kvqQfYRFFVCyw6Kk4AAvPV7s54,7000.00000000,2025-05-02T03:14:12Z
527,FMVkNzMkTe51Yjz1q4442QdnsS2vbCHb1v,7000.00000000,2025-04-30T19:44:39Z
528,FMa8uYQfMqYRuyJwHct9FFFyq7HNbDFSmm,7000.00000000,2025-05-01T01:40:37Z
529,FMab9F3MEEHaRhzoumg9bfYEwowGZMGob6,7000.00000000,2025-05-03T01:47:04Z
530,FNdUuW49tEtbBXaGJ6hGt8jhLYKgx6FKPq,7000.00000000,2025-05-02T13:49:56Z
531,FQUjfgmzxgB8ugHd4KqK4xhSGSZPtLpviD,7000.00000000,2025-05-02T22:35:37Z
532,FQpQ6mcXq8Eb4krYVUnhvJ6umK1r1En3cA,7000.00000000,2025-05-03T00:35:18Z
533,FRGCXEydJ3n5p8i36qPDH2U6atUQtbfsMU,7000.00000000,2025-04-30T12:29:11Z
534,FRL9nJM7MBFMBXqvccfYJeMRSuLvBAhfUc,7000.00000000,2025-05-02T23:01:22Z
535,FRWzyyXTm9rMoXQ8ZDmuZ76qeSENiXf8LX,7000.00000000,2025-04-27T06:39:23Z
536,FRbC33Zu1vezBuGg4kyPBV4LK8yvFBpfgb,7000.00000000,2025-05-03T04:49:19Z
537,FRhsQziyDGzzgsrxdqrc19R8jxuPyeAbdV,7000.00000000,2025-05-02T06:13:24Z
538,FRokH3ku2fRv7gZzbsjA6jHw7heudJ3gJJ,7000.00000000,2025-05-02T15:34:37Z
539,FRynL8CQFEdgUC5sZijKgBjNeQoy61Eaxb,7000.00000000,2025-05-02T08:18:20Z
540,FSFHxwps8uKk1Pcpo8WLZZGHX8WrkUx46a,7000.00000000,2025-05-02T05:11:07Z
541,FSXzPtB6D3cUVP13SUmUyyNK3Dh2JqTXGy,7000.00000000,2025-05-01T16:34:32Z
542,FShyfenai7CyvoYAQqdrR8fzQucuPFtgPE,7000.00000000,2025-05-01T14:04:44Z
543,FSxrVpXB2nCGZj7s4gwNjPLYttP9uNsy55,7000.00000000,2025-05-01T15:07:45Z
544,FTje1vRrqLBbDzkNEYpEEAMbVWJ3Jx4wU4,7000.00000000,2025-05-02T15:50:23Z
545,FTmuNaKAEfw2Sx7HGbHnNo8Cp7eHr3Bs8L,7000.00000000,2025-05-01T04:40:36Z
546,FTtsdAD2RfkTbo4xBfabnZgQMYXZjde7VL,7000.00000000,2025-05-02T07:35:08Z
547,FUzUwVyYyVNbwnrxQ8arEECbqXBtrJ6xf2,7000.00000000,2025-05-01T13:40:08Z
548,FAGefb73PW4QU4wvfPMj4xCYtWsNiynGei,6990.00000000,2025-05-05T04:52:42Z
549,FBsTUqSzTYCvqo2STt6hCCauW6isXe2Bdx,6990.00000000,2025-05-03T22:54:55Z
550,FEnsjKjYtLpfuCkRB67Q19iXMB7xYhQQAL,6990.00000000,2025-05-03T09:22:46Z
551,FFUvfKGGSuaaJ2rbGpRW6GVoZddMaKUdL5,6990.00000000,2025-05-04T21:27:47Z
552,FHE7vqDkrBSGhp5GhJ9Pue7cUeRkQjt8Ej,6990.00000000,2025-05-04T19:20:33Z
553,FHkKmBy721Fcb7jMacyW3KonrhFhk9LUj2,6990.00000000,2025-05-04T13:59:59Z
554,FHs8B1FLDE6szSL39Qwo1d7vf4sUcMTzXY,6990.00000000,2025-05-04T04:33:44Z
555,FJ95FXHxxaDRALUBqzcW3dm1aQoA5zL5Jd,6990.00000000,2025-05-04T07:42:59Z
556,FJHQreqWSwzM212qqZz2AcHL5k9dVKdmMU,6990.00000000,2025-05-03T15:32:58Z
557,FM2uKHZqhA7Yuytd7UucpMfn2N4ubS8DQ5,6990.00000000,2025-05-05T07:57:40Z
558,FMY1tbwWqZdrmjuCeK6W62dXWc8py3vPne,6990.00000000,2025-05-04T05:26:53Z
559,FN5vJdbWqYMW3ZZJRfJdNtfJPALxZYvUnq,6990.00000000,2025-05-05T11:02:57Z
560,FNEZc2iLHisdNadFRetEYVigcrFUgDwHRU,6990.00000000,2025-05-05T05:50:25Z
561,FNSx2MMQtxaQyKUs6jTUhjtLRB2Rtw6Rnr,6990.00000000,2025-05-03T11:54:31Z
562,FQhW4FQJT3SLfH8TnwKUKpX3T2LMGWH3Y1,6990.00000000,2025-05-04T15:06:40Z
563,FRxfVKqfMUqvCVSG3oVSBScADu8HWDZttB,6990.00000000,2025-05-03T21:03:09Z
564,FTs7LmL31an5saxGfKQj9qDHiiZqWExcmg,6990.00000000,2025-05-04T19:19:33Z
565,F92huaeeVLDHSPG91KafKJDNKVv2MgoA82,6980.00000000,2025-05-04T06:26:37Z
566,FAAA7iCTXphoJcp3x9edM6eUBsNGMLVovz,6980.00000000,2025-05-05T07:56:33Z
567,FLya6PiH54cwBJs4STLYQM7NNvGB27gFax,6980.00000000,2025-05-05T10:45:33Z
568,FTGAPBXR9Y7jhQ9zqg3ewf3h3hrXefHhdY,6980.00000000,2025-05-04T18:26:10Z
569,F85ZXcf14XesS5ooK8YG5ibhKVQBRdbq6i,6930.00000000,2025-06-07T10:20:58Z
570,FBvFtUFtYkbrE8SmqfeBmzWudp16SwKogC,6930.00000000,2025-10-11T18:27:24Z
571,FFa8ytqPbfdp3ruLaWDcFD1Y7QMAZeBQN2,6930.00000000,2025-05-27T07:13:08Z
572,FL4RSmJTxwzRBgnSVXu5jR71Jf8tm7WTWY,6930.00000000,2025-10-11T20:18:50Z
573,FKB1Qdqm5P2vKjYuo1rUJVvLgSwpighrP8,6550.00000000,2022-05-05T00:47:06Z
574,FR1CkA6sivdDr6fFjNbmwPpwf5DwrDf6jS,6460.00000000,2022-05-05T00:50:24Z
575,F5qxU4W8pVJVByTo8miLJJvuG7yGpjRw6s,6000.00000000,2025-05-02T13:38:32Z
576,F5x1hAHWV4WoDaFBFPBehM3RY9zbZNj5EV,6000.00000000,2025-05-02T07:47:29Z
577,F5xSzuju2Jg7sup9eoRQC9EGMHBwPbwb3t,6000.00000000,2025-05-01T18:27:10Z
578,F65XC9tiUCdD7mY7L3DQ4vrPy36Ci2WWZZ,6000.00000000,2025-05-02T07:43:41Z
579,F6AmSPRKhM5mJ4QDuq2mRWWn3G5z8Fr3YG,6000.00000000,2025-05-01T03:04:20Z
580,F6heT7QDxBbySPn7zaLZsmFejAq1EgDhKX,6000.00000000,2025-05-02T15:58:09Z
581,F6qi8bLgApScBPkWizU13a9AcdsmwK4wZ1,6000.00000000,2025-05-02T05:07:48Z
582,F76zrbTqLzRWwH2GgsfYCsgKhiLjtTCpL1,6000.00000000,2025-05-03T01:44:24Z
583,F7CCs3MrLxeKtAM6LQihHj4ji7j83qqGKf,6000.00000000,2025-05-01T13:49:08Z
584,F7F4B1Sc1LAtz1WsEHBXMUZuq6k4zTkFe1,6000.00000000,2025-05-01T08:28:09Z
585,F7FecQREHCr1G83m8nhNmfHD2nbsUzqfzQ,6000.00000000,2025-04-26T17:51:53Z
586,F7LWNawXTBzbKnQ825x79R4SqndMut9wy3,6000.00000000,2025-05-02T22:31:27Z
587,F7Qb83fBzCGh1dnuS16pmTnA1JPjEewVnH,6000.00000000,2025-05-01T06:24:26Z
588,F7bDznszEoeZxVsSpRfJRUX6qBWA5K29U1,6000.00000000,2025-05-02T14:24:30Z
589,F7fNk5dUNkaPAtFg4og6yR43j3Kk1ySaMv,6000.00000000,2025-05-03T05:09:38Z
590,F88Bbwa3vHHxXXu9FTzfPJAAcfsbRJCk9o,6000.00000000,2025-05-01T15:03:12Z
591,F88bfLxzhaKDs9Gn7Shv21cPp77oNCNJfK,6000.00000000,2025-05-02T05:42:39Z
592,F8EjCyS2phUAabZUtobmU3eQT2NMLFmwnQ,6000.00000000,2025-05-02T01:24:53Z
593,F8NRLRpFKmuk4WSucg3MUSAvcfy11xBzXo,6000.00000000,2025-05-01T00:10:32Z
594,F8RRRJk8vv17f3DHTAbbdhJQuf56AKiN58,6000.00000000,2025-05-01T18:21:26Z
595,F8Wnh3amdFkJdUvG3w2EtFSsBT4hM1ryJw,6000.00000000,2025-05-01T19:43:53Z
596,F8ZEx1VyU4mf8e6FMKozqur8MYq7dhBy7m,6000.00000000,2025-05-02T07:55:37Z
597,F9DqN5Zs21ccuHmycznbGLS75oXejc78Bu,6000.00000000,2025-05-02T21:28:34Z
598,FARMcFkdbM6RJdscBCZQK4qcVopAucpLBM,6000.00000000,2025-05-02T00:09:05Z
599,FAWQUS2wG1mgRXxCWZLop3NrAbL5Uhfi2U,6000.00000000,2025-05-03T01:35:37Z
600,FAYNZvbSAthvjR3jG4Hfa4cLkJTKqmojAs,6000.00000000,2025-05-01T23:52:21Z
601,FBDi9SgcqT8VeiyvfaNTRopUHo6Pz5bnc8,6000.00000000,2025-05-02T19:49:47Z
602,FC1sdmXFmnFamMeeTvZrG1rJ4osutmTHbc,6000.00000000,2025-05-02T14:26:59Z
603,FCGmrfAzkc7nEXZVpETcifZZX3XqYhEDtb,6000.00000000,2025-04-29T05:42:09Z
604,FCZD26cc8gMN8oWzP3pvJb3SRDLkERqzMy,6000.00000000,2025-04-29T18:46:15Z
605,FCoZj8kQ2reFnntSTnx7ynEAEoUCNUWrsf,6000.00000000,2025-05-01T16:51:29Z
606,FD9F15K3r2jQBPVDaB8WFuRsxh3A5ptRJU,6000.00000000,2025-05-02T03:09:41Z
607,FDRK8meV6VNVCJbX8XYQ6E9hBEZVyRobGD,6000.00000000,2025-04-28T01:42:43Z
608,FDXSanD6LhVVMkYy6FFwaK84mEnXWeCzZy,6000.00000000,2025-04-30T16:57:33Z
609,FE1D3gFnpdbjfLVZ9XS4NHk9wjSQhEgVas,6000.00000000,2025-05-02T00:49:16Z
610,FE2GPGqdywGE3vsiNfXXtiTu16gJtY62vA,6000.00000000,2025-05-02T08:11:58Z
611,FE4cQ4kujRGrMiq2vS5idWoiK4Q6eLxmaZ,6000.00000000,2025-05-02T03:02:01Z
612,FEAYStawfwsNCX4AnaZJtctMips4ub7cpP,6000.00000000,2025-05-02T23:34:56Z
613,FEG4NzF4tG6U1ACq9ZyQPQVQbRL8EoyBRF,6000.00000000,2025-04-30T18:42:44Z
614,FERdXWAHG2hc8ZoXw8SnsuxF3BpA9zrBGT,6000.00000000,2025-04-30T14:56:17Z
615,FEUJhpwwt5pFBWyiu51c3eV32ebFSgjfsc,6000.00000000,2025-05-02T09:51:01Z
616,FEhFchKV1hDWksQTA8BzsbfnxRTEXEW6xp,6000.00000000,2025-04-27T15:19:08Z
617,FEq1EzHHxBaFeM9e9gkjpPckhgwQKS25xS,6000.00000000,2025-05-02T04:43:55Z
618,FEsVPPXDz3XNcP1tGux3cGkndaRyr9gs6y,6000.00000000,2025-05-03T05:38:25Z
619,FEuAMBTBpWhbQjHNZaxqrraAo5CQuUkQSv,6000.00000000,2025-05-01T10:27:10Z
620,FEwSQg4awZNYYJ6THYZYp5GsfRvS4d8QQM,6000.00000000,2025-05-02T08:53:53Z
621,FEzLJcYE5X59i4fZ6AibQtATufWx6M6NQm,6000.00000000,2025-05-01T07:01:55Z
622,FF5cEqkSRrHBFdgz15fgyqQvEVdmZPkRR3,6000.00000000,2025-04-25T07:39:52Z
623,FF9Dty6pQ7LR8nFECG6CDeQwGv39LKdeLQ,6000.00000000,2025-05-02T23:48:31Z
624,FFCogofqDorWaVaqfwzngrfxsetbvnL8uv,6000.00000000,2025-04-26T22:11:08Z
625,FFQRXpg9PyjbFeXooFrVwhkXKLsVVyFCCL,6000.00000000,2025-05-02T21:37:54Z
626,FFQWXUyBGy6Lr77nh2bn1GWoJcpyCTGwxK,6000.00000000,2025-04-30T18:11:01Z
627,FFXkqcmk5wUpB8ZEBGQ29eouJ6ivY895wa,6000.00000000,2025-05-02T05:56:19Z
628,FFYKCJ18dCAwSaiAUM4aEHZFWxPm9GgJnJ,6000.00000000,2025-04-30T14:43:41Z
629,FFaghHfZGcPP6CHe4ae5h1jeW4bqFeRQ6t,6000.00000000,2025-05-01T12:12:00Z
630,FFdrXqzvNsL2nashEpdvbLbdggsRrYJfJs,6000.00000000,2025-05-02T02:28:51Z
631,FFfDDpVEV7yE6TsXiC5L8RUJwYn6nupmL5,6000.00000000,2025-05-01T06:56:55Z
632,FFndqUYEDLhDMELUJhRWngghPjEJtws9gN,6000.00000000,2025-04-30T05:11:30Z
633,FFz2GKboqQBR1ueFssMdbLgKtokAc67xbA,6000.00000000,2025-05-02T00:51:16Z
634,FG6ZFrwV8oSdDCBfxjxhPYvNCRawhrUHVu,6000.00000000,2025-05-01T23:57:12Z
635,FG8fv6t9rUsUE91u5fNE9rvwKTHyWNMZmU,6000.00000000,2025-05-02T06:05:54Z
636,FG9fz3djV8QLrf6RAgqF5aXo9mt8PC3izi,6000.00000000,2025-04-25T08:58:41Z
637,FGFyG9yfW5KeGxF1iNbQhb15FSpYWk1YoR,6000.00000000,2025-04-30T17:49:35Z
638,FGNsHR3XW8cLpqUgpVgYEEYwCdNA1U6uPB,6000.00000000,2025-05-02T20:53:40Z
639,FGghuUnZXXH4YZXDRDjdgGbTErGwMnTdh5,6000.00000000,2025-05-02T00:33:27Z
640,FGpmrqQbbqrXwVXUxUxZUcyXQq1tpiQohx,6000.00000000,2025-05-01T05:10:20Z
641,FH4grCmekoaKxxCuNS5TGfGAF9bqXxEBA6,6000.00000000,2025-05-01T00:05:45Z
642,FHAJavdauTNtzEAyH8aiEw781D8rYiwNbj,6000.00000000,2025-05-02T13:33:41Z
643,FHB3BF4NTh5DCcfd8k7pFicju3wcBCErop,6000.00000000,2025-05-01T20:58:12Z
644,FHDKDUijqCp5tQ9EtMrodwfPHRKVhUTFYy,6000.00000000,2025-05-02T09:36:00Z
645,FHDUAhWagTAtLx2YaKj3YUhsAuPZtRddp6,6000.00000000,2025-05-01T05:17:49Z
646,FHPMHacQgkpp2RmRTAXj2ERgpHjgpyz3HK,6000.00000000,2025-05-01T01:52:58Z
647,FHa5DUzyQVDRHZbwHoWP75Z2GgAArcX64p,6000.00000000,2025-05-02T04:58:03Z
648,FHjJcG9wey7a2vuxrMwQ6nQfqA3AKGLP7B,6000.00000000,2025-05-02T15:39:35Z
649,FHks7nP5XBBojDQaXYrHvLuPWV9p5sQhe1,6000.00000000,2025-05-02T17:10:00Z
650,FHmzx827rca91VPUMcfiMZYoRN5ck4AWCs,6000.00000000,2025-04-28T12:50:58Z
651,FHuiLmtHdzBMjSYoE2oVyRB1Qvf9PQPXuY,6000.00000000,2025-05-01T18:15:56Z
652,FHvP9BUFLLuQHvVtzx8zjmzNnBJdm1LvRX,6000.00000000,2025-05-03T06:52:33Z
653,FHyLdtQAExqvEjSQ1gbtLogXbQRFDHnkUL,6000.00000000,2025-05-01T11:59:14Z
654,FJD9kb7M8fF4ncq5DMZvw1i6DyHnC5vcsN,6000.00000000,2025-05-02T08:38:32Z
655,FJRMPVf2WDrcnAgwtZNupuJkaDgR2TNZjX,6000.00000000,2025-05-02T20:58:48Z
656,FJcD2XvChtr7FzcEdxKfhGFnE9UKwM1g3w,6000.00000000,2025-04-30T13:36:57Z
657,FJd1MeaJhepwkGJ2sUSjacDt1sG2EM8rAd,6000.00000000,2025-05-01T02:22:42Z
658,FJhwgPNGrMSTRyZrbZZur1Zmto9GM6LPYB,6000.00000000,2025-05-01T14:54:03Z
659,FJxLTd8J56Xg6VduwVA1ejpdxMRWbTerKn,6000.00000000,2025-04-30T14:12:56Z
660,FK7VWKkaVSAiwV98QdSMgim9f9VbyWvTnf,6000.00000000,2025-05-03T07:00:26Z
661,FKH4YX5NdCtF6a1opuSTmtPiYAN9GFpLMr,6000.00000000,2025-04-27T03:31:27Z
662,FKP3XZtgjfaGzcrDqe2BxYYqE4hgNahFbx,6000.00000000,2025-05-02T15:58:58Z
663,FKoMDzuK1WqwUy4byFvev63CRfe6HRhy15,6000.00000000,2025-05-02T20:50:31Z
664,FKpFHRe3d6AXHyTUHYgxJsRef7VtyqbLty,6000.00000000,2025-04-30T20:54:45Z
665,FKy9Aotr2nKVxHKVecSZsDuNM2hTiRu7Sb,6000.00000000,2025-04-24T21:17:48Z
666,FLEt1QpVquuPrCBbHZvjRUAQY6FqV4YoP4,6000.00000000,2025-05-01T20:35:59Z
667,FLThszGRumZLBckEFEnvfF1MoF87GMdurS,6000.00000000,2025-04-30T18:55:07Z
668,FLpBT9dGm53hpA1mp4Hdn5y9BX6oEhMRfQ,6000.00000000,2025-05-02T05:16:08Z
669,FLvwdNbBE7hnBpQEQHAbzfPLVP9UDAs2dh,6000.00000000,2025-05-02T14:50:19Z
670,FMD7r5MxtenTj6BNZGJYe6pYitephJL1TA,6000.00000000,2025-05-02T21:30:58Z
671,FMDJnJGs4rahZYD4qmCmmfQDcHbwaL7gE8,6000.00000000,2025-05-01T18:51:50Z
672,FMoa7CMKrdBDkfookvjB517ajTiZCZz4wV,6000.00000000,2025-05-01T17:18:34Z
673,FMprFFwoLAWMJqpy7KTAT5AZVwU6LB76gk,6000.00000000,2025-05-01T05:00:58Z
674,FN387BQen6U875DV5cF1VW5qxtKTighs1U,6000.00000000,2025-04-26T17:16:39Z
675,FN3gDVCn3d3szNvXE3FMtzg6pRxXitJeo4,6000.00000000,2025-05-02T07:00:05Z
676,FNJg9FMUoDDM81M4UjDWayGhgETbjnfxNo,6000.00000000,2025-05-02T08:57:37Z
677,FNjXvbN6sNztqWb2PzbFnDnVYmESurbCXm,6000.00000000,2025-05-02T07:52:25Z
678,FP2eiqRNeEUXbzf1GzDfHZ5oC2cJzFpdsw,6000.00000000,2025-04-23T18:06:26Z
679,FP3cpDpsEstXGC85gFcjrWZJftRp96yF4j,6000.00000000,2025-05-02T17:24:10Z
680,FP5yR92F53nJ1CQ812ZgnXz6jDYwcp7J7d,6000.00000000,2025-05-02T23:43:31Z
681,FPMawoTPYpuw9yVxu9H8J3Xa93v4q2JcXo,6000.00000000,2025-05-01T20:32:43Z
682,FPPDXRyyri94jhq5oxVMTAs4zZYbFFoo9F,6000.00000000,2025-05-02T05:33:46Z
683,FPW9bNSjsQaQ3tkVPrerNHDfC3m2M5VTMg,6000.00000000,2025-05-02T09:22:10Z
684,FPvwG4MjUgsyV7uDgXWsEy3vupPycAFpfS,6000.00000000,2025-05-01T22:33:41Z
685,FQ8rQvmbSvAyV8DPoLUg5TvFUZBdYcmbVM,6000.00000000,2025-05-02T21:36:35Z
686,FQ8ykBqn8CJgLJMFCcm5onhJ6dPU2fnrHk,6000.00000000,2025-05-01T03:31:25Z
687,FQ9khpLdSeXQbbDTxbBdPHDMwJNPkaAzBu,6000.00000000,2025-05-02T00:29:50Z
688,FQBP6s8hTZBBZrYu3hoPJ4nXG3gDE4tD48,6000.00000000,2025-05-01T00:07:26Z
689,FQQwHiW3AChcRGzB9nfJG8zGMwrXm9s1ix,6000.00000000,2025-05-02T01:22:38Z
690,FQWAMuzfRmLirwYiNYak7eBRPyVAkmDgRu,6000.00000000,2025-05-02T02:57:48Z
691,FQaCLAtJtpZmtTCj4WrcnmwemVX8ExaYte,6000.00000000,2025-05-01T22:45:38Z
692,FQbQFouf9txmXPw3c6oAUAFE47WXLwMvan,6000.00000000,2025-05-01T08:02:18Z
693,FQdtEhGiZeAbpwrH7exzkjnRxJxZ66PLaW,6000.00000000,2025-05-02T04:39:50Z
694,FQejsf9EFWRTDcfDH3ky56YXWKRxs926Uy,6000.00000000,2025-05-02T14:11:10Z
695,FQfKWnVcvCc83oZZgLDqoFrR4jcLTrWKgV,6000.00000000,2025-05-01T15:29:02Z
696,FQheCR1XH3qnjW1Vy6or7YnNPC88ZVccKu,6000.00000000,2025-05-03T03:38:58Z
697,FQpT6fZiTBmeHLtps76Bk51s274npJnVkq,6000.00000000,2025-05-01T13:54:21Z
698,FQtGF6ZSCtYLmadkeG9SCpxwHWJ9x5NZcY,6000.00000000,2025-05-01T19:55:30Z
699,FREQZB4hs6eVucNGgHxAhijh19e4Y4dojV,6000.00000000,2025-05-01T04:49:58Z
700,FRZUTphd6NNwfVS4Qr9cTfNbKjoGqGKuFi,6000.00000000,2025-05-01T01:57:50Z
701,FRi1hJSMn1moCXiMkA6nj8YCWXXtGPmVYL,6000.00000000,2025-04-27T15:44:47Z
702,FRvccR8QFZgDuWcSGGNLGx73b1hxyX2UMd,6000.00000000,2025-04-29T12:17:41Z
703,FS8MxPMY6jJihfcHm8nLJLDdDJpMPwQVKX,6000.00000000,2025-05-01T20:15:58Z
704,FSLCM6BmLTeCboYqCzW7waap8YdCc78eFS,6000.00000000,2025-05-02T14:05:20Z
705,FSZfHJuhDgDk4ua4ALWxWrFTknVU8sgonn,6000.00000000,2025-05-03T05:21:41Z
706,FSk1sjCpKtGvU6TZaT8VhmfKDuAtNEfPhi,6000.00000000,2025-05-01T23:53:52Z
707,FTCdT8RuEM9fWP9v5oRzeqRxAAy1c4KkeU,6000.00000000,2025-04-29T16:39:11Z
708,FTM3TDKMP5M55CaHH6cXRVE9fLjojKwbEP,6000.00000000,2025-05-01T18:28:21Z
709,FTUuBNLtJx2WtWXPPE3PmNpB6mPUWqjCiV,6000.00000000,2025-05-01T06:37:22Z
710,FTePgLn4JbzofDRksBSJK6GcSN6T1tg8oG,6000.00000000,2025-05-01T11:45:12Z
711,FTiJVWnAboWkndvJjDSjS1RnAibfLtySHc,6000.00000000,2025-05-02T03:21:29Z
712,FU3qNTuNv6XTPBSrmj62yK8muEbKAgaXty,6000.00000000,2025-05-03T06:47:22Z
713,FU6XGmkNSEKZmPNQpKzSocYWcYee9rxwKj,6000.00000000,2025-05-01T17:25:47Z
714,FU6u1982Mk8AvxzxebTZPeyjpQurGev6aT,6000.00000000,2025-05-01T17:44:54Z
715,FUKJdb7DcEtqXuV7E9Uk9cBpDYagFYqjpN,6000.00000000,2025-04-30T13:24:06Z
716,FUWxiiMch5irqPTJqGV67ejfFckzjGcasi,6000.00000000,2025-04-26T03:26:33Z
717,FUetAnm5SU91gMvF35t9MBRiLre9BM9m5K,6000.00000000,2025-05-01T05:04:36Z
718,FUgYPpMCBx4SV6NAMSQv9j8DmNVH52P1AZ,6000.00000000,2025-04-30T19:12:56Z
719,FUuYjK2f4geWghSVuHE1e2pAUshStkz1qe,6000.00000000,2025-04-30T22:51:17Z
720,F5ynaWVXnMxGU9jtoXemr4djxGMhp97a2k,5990.00000000,2025-05-05T19:16:08Z
721,F66ndGg4dA2HoWEMuAEnQDcTExUxBnNqu9,5990.00000000,2025-05-04T07:34:01Z
722,F79FtjWJ9j6s8coSTE7p74kP7smDNCXTeo,5990.00000000,2025-05-03T14:37:03Z
723,F7mySdkyxAf4S2UvUdjrSFywm1tr1pzUq2,5990.00000000,2025-05-03T09:57:44Z
724,F8ANhna3w4nYpnQwMKstfvHz5c3ZKF5Baw,5990.00000000,2025-05-03T09:59:44Z
725,FAiwwHdeF8bcG1FXGYWEH57t3gN3uLu4YP,5990.00000000,2025-05-04T20:17:12Z
726,FAtKPjHahEMbedFUtqstLxrLExT9gG5BH1,5990.00000000,2025-05-05T20:49:22Z
727,FBYLkAxanBDPKiKN7q6seXZG6SNsskZiG6,5990.00000000,2025-05-03T12:38:50Z
728,FBjPTBcQkKef1HtyGKa5kZN4ymmCkngWQD,5990.00000000,2025-05-05T06:07:40Z
729,FCCYHQ3WxThjuZjgy4ptN1UZZVHs2Bc5nU,5990.00000000,2025-05-04T14:53:22Z
730,FFM9296z6EfnNEnH49Z56F5iLVu73meKdj,5990.00000000,2025-05-05T18:42:47Z
731,FFcx61xovddw33dYUfACLKHNcsqPZRLGpm,5990.00000000,2025-05-05T06:13:31Z
732,FFiaNFv5Q27j4uUTgu732GAWxRi18pSY3h,5990.00000000,2025-05-03T09:40:59Z
733,FGwtc4g5jDCsqxzz5pjs4YY2Bz21vt8a2b,5990.00000000,2025-05-05T16:32:27Z
734,FJUDGzuKAsnSVct3MgWZ95YUGJMV3TMvQg,5990.00000000,2025-05-18T15:50:50Z
735,FJbVwER2bazVB142EKGZmC8W5QCYsRuuRj,5990.00000000,2025-05-03T13:39:27Z
736,FK6XCU2dmQYZmFxWySNYGhUt5Anqw17QjF,5990.00000000,2025-05-03T09:24:20Z
737,FLFFA3RTwqKDy5EzXKMrBGoHQLe4hNFk9V,5990.00000000,2025-05-04T22:28:17Z
738,FMSYSxVX8siTsKucDyxCF1PCYfHz7v2t7R,5990.00000000,2025-05-03T09:29:52Z
739,FPddgxCBMzadCwhgNGSZBa3TU73MBdXT2y,5990.00000000,2025-05-03T13:05:31Z
740,FPjR3SvfLG6DzJ3L2AFykvRizhj5t6R9xp,5990.00000000,2025-05-05T15:28:09Z
741,FPvPeX94Zexnfeq45ReQqhDGJCVrPANXiJ,5990.00000000,2025-05-03T23:13:02Z
742,FQbJaJbFH3iM7HAYLCay68fkXWhj6v9CJo,5990.00000000,2025-05-04T13:46:39Z
743,FRgEKo8tdtEaDJ36Eq2hjw7Azpf9AX9oZc,5990.00000000,2025-05-03T21:00:27Z
744,FSk6c3kJxyWwAKCQkbGQptr3RkkisNWsNE,5990.00000000,2025-05-05T01:25:39Z
745,FSr4A6XYA14RbzJQWTRovLWY9BLtuLcwaP,5990.00000000,2025-05-05T20:16:13Z
746,FUBcauFKAbpWkw4ueiWCwxByuf43nkFeux,5990.00000000,2025-05-04T04:39:51Z
747,FUcVWXPrbbhSMrgkHPBUkLhrJ98k7apSFw,5990.00000000,2025-05-05T11:33:14Z
748,FUwFhmqHu6fVRQMaXCHUcG4935kjDz4Vqn,5990.00000000,2025-05-05T09:30:11Z
749,FV8EyEq1LtUHLJjENphRMpmrVLf1ZZX7vQ,5990.00000000,2025-05-04T15:08:34Z
750,F5rpJF5aFD6XExx3djXgpL4Ga4QWm13KWP,5980.00000000,2025-05-05T18:40:49Z
751,FKmUKiStGTX2ZJwuN3ddjuides27UhPibH,5980.00000000,2025-05-05T01:23:39Z
752,F65RnBUx9ifUfBJ8cgPQTGr5qDvFitm3Zx,5970.00000000,2025-05-05T14:54:04Z
753,F9SRarjoNJ6Z9RnTD1bmtSht466GV4cSBo,5940.00000000,2025-05-26T23:20:04Z
754,fc1qy67t3f2ntcq23ydt4tfk8kp2y0sgtwzh03re38,5640.77426444,2025-10-14T11:21:50Z
755,FPmTFrLmA5PMKKabqEwrUMsCR9QSKfSmjv,5600.00000000,2022-05-05T00:50:24Z
756,FMNgdhnbcmg5iD2Ri2pNoxbqMrY1iT5Lfe,5550.00000000,2022-05-05T00:47:06Z
757,F5u1uUSPsBd8z4j96AH6jwoyNnMWarqKt3,5000.00000000,2025-05-02T00:13:06Z
758,F5ubkDBHGYAaDjPk7VNnmPMhoL7vhzBTp1,5000.00000000,2025-05-01T01:55:48Z
759,F5wa8KeK6ZdL665pnMAH9Ey3inK3n8fH4i,5000.00000000,2025-05-01T20:33:48Z
760,F5xXBiCZK69VkboNT8S13r22SQuziFZxEY,5000.00000000,2025-05-02T07:32:50Z
761,F61HZxSLqGi3VueUtxERwsPWMQK3o5ttCB,5000.00000000,2025-05-01T06:41:06Z
762,F6AFLTGEksMZRzh2ExNrY8h94sXoHNa7sm,5000.00000000,2025-05-02T21:38:54Z
763,F6BrnTvdQB696eNnBL3EJ1g7aGWSfzXJct,5000.00000000,2025-05-02T17:19:35Z
764,F6HUAr5yBREHh5fL6kwtTKurzDsd2P7nPc,5000.00000000,2025-05-02T21:17:36Z
765,F6aB9PDstcQMky54UwnBpao4SzG6szMD5z,5000.00000000,2025-04-28T01:51:34Z
766,F6aWAtNAXc31EEtaEzpF9FRo5po4kCdHLd,5000.00000000,2025-05-02T00:28:27Z
767,F6ntb1DfF3ntByCB6wWp553oy2WPX41Kpi,5000.00000000,2025-04-26T02:26:38Z
768,F7oeRMAFMTvzEnWWEJZ6f3JcFH6dWrgrLf,5000.00000000,2025-04-26T04:47:36Z
769,F7xTUjzGUHpcwVgeXg8inGoo6fzdhEPkds,5000.00000000,2025-05-02T01:34:24Z
770,F85ruY4ZkqT1VtKUUFpR3vc127JHPQpXVg,5000.00000000,2025-05-02T05:58:47Z
771,F8GX6LFUcz14XkrMf4YxBBY8Hjtc8CcjAN,5000.00000000,2025-04-27T21:13:02Z
772,F8QZzwHcBQTL72hQsSV6Fs2oQ48bA9Kuqe,5000.00000000,2025-04-26T06:29:41Z
773,F8QzFd8gE2LG6WgKTDjC9wHcLgBShdESBN,5000.00000000,2025-04-27T21:44:53Z
774,F8SXQk9k1fjCZUB88rnEoBdo8nrKDpifLy,5000.00000000,2025-05-02T09:40:38Z
775,F8SdZTuam1MFDz5Sp2TfR3b4mscUkgPufY,5000.00000000,2025-04-25T23:59:02Z
776,F8Yb4WphQe7qwhz5Fnc2CeqwhtkoetmkBQ,5000.00000000,2025-05-02T17:27:38Z
777,F8ms2YVTy81fTSd3wMe26MLjbUJG37dyAp,5000.00000000,2025-05-02T04:59:42Z
778,F8uCjLk4RYLJQqhCvdS6PnPJT16vb9zNPY,5000.00000000,2025-04-25T06:42:09Z
779,F8z8PUjmqV6zdQDE4sfY7Wbq9JiSGXwnwx,5000.00000000,2025-04-27T18:43:23Z
780,F93omM1SLVUgY7fpLMemvHdYJJKz3DVmrt,5000.00000000,2025-04-30T18:19:40Z
781,F9JUNG4yJ6Y2EewA8o7UiUvhYjQVJD3nJN,5000.00000000,2025-05-01T14:16:32Z
782,F9VHq8nMhaYkUdHh43DWbJgB4kResck3Pn,5000.00000000,2025-05-02T07:36:11Z
783,F9gvHLEUCa5YoWEQqe3Rt9PqCavHSTVK8L,5000.00000000,2025-05-01T05:35:26Z
784,F9hDaBxcgLMjcvYknFzMJ4LLG9FqEPGCtb,5000.00000000,2025-05-01T03:27:02Z
785,F9i1oH8XYzFQYyuviQBXCFX9mvzGuktwgb,5000.00000000,2025-05-01T10:22:25Z
786,F9iSTV4LPFZ5atHgebpgC7Rv4bJkqGrjfx,5000.00000000,2025-05-01T16:53:59Z
787,F9kjsSNZ6SC8Moemi1Nnvt395fuQCwSu3B,5000.00000000,2025-05-01T13:44:52Z
788,F9pokZ5uRF63xb7A5GNH2XrLaMbUfcMFcy,5000.00000000,2025-05-02T13:19:43Z
789,F9qjhWg429Kse2gkV4ip87J9gmhQK7jri8,5000.00000000,2025-04-24T00:15:57Z
790,F9sD1AhjWi4kB1cZXMsBD8GNMT31W22y3d,5000.00000000,2025-05-01T12:32:53Z
791,F9ySTDyvNXN3A6qrR4DX78DeED5TiX3myP,5000.00000000,2025-04-29T12:36:22Z
792,FA1UMZdtFSjDrAU8mpLUFKQafyrRUDVs8t,5000.00000000,2025-05-02T13:23:19Z
793,FA785fVDo2WBPhpjRZ96Afk2WhoTnxntrK,5000.00000000,2025-05-01T23:31:50Z
794,FAR2GQrTcMyarv9qmcBEpnsrN2t7Ru7vdX,5000.00000000,2025-05-02T09:38:51Z
795,FARkrPTfRLH6a7UWa3XmNZeUEMB6QAAY8D,5000.00000000,2025-05-01T18:34:22Z
796,FAZSq34zDPgJ8snr84ZUnqjgM5u1mzWxH4,5000.00000000,2025-05-01T15:44:28Z
797,FAdWxLTB1oSKy9ZBZkBYaUbKRhSgRSFKoc,5000.00000000,2025-05-02T13:58:38Z
798,FAgJ9uNB3QczJGjNoGM34ouEVmWbrd1nBf,5000.00000000,2025-05-02T23:50:33Z
799,FAgSPUA8W2cbf91X1sL1iyB8mSiG6W5U9i,5000.00000000,2025-05-01T09:52:34Z
800,FAjgcWi4NEvGUkJfoNreuKfKJ1aUjgRU3c,5000.00000000,2025-05-03T01:13:50Z
801,FAjrqvZdTbecsfyvqxRBm7CkwFtxGoPfQN,5000.00000000,2025-05-02T09:53:21Z
802,FAriJ9b6vsVZ9dUzFHJ3JzSUB51Gd9s9te,5000.00000000,2025-05-01T10:36:44Z
803,FAsYp8ZUwtdBkkC9AZG3Sywz8EaGYLzFjQ,5000.00000000,2025-05-03T05:38:55Z
804,FAu1ydWKXmnf227Jyi8bPu4MMpcS5jvmZT,5000.00000000,2025-04-30T22:35:03Z
805,FAuskzjM2hVddcZ1LQg6EmBHq57819zpNR,5000.00000000,2025-04-28T19:45:46Z
806,FAxYNpk92PqGmmwmm484kSwW274WyGGTQu,5000.00000000,2025-05-02T20:52:48Z
807,FB8KpSKrcYvtKsLx4Me34EJjyGNizDkYZV,5000.00000000,2025-05-02T13:26:52Z
808,FBFAvo1ZQBxD5m7zMA9ZUQaugHqs49Ekdk,5000.00000000,2025-04-29T11:27:16Z
809,FBQPiDBEbX3fi1Rb7Zrdi9nF14WTxb9sXf,5000.00000000,2025-05-02T20:06:37Z
810,FBRqoZ3EVLDsSRPmQPVZzEXQKs8ngo79F9,5000.00000000,2025-04-26T00:36:05Z
811,FBUJ3KeqLu7NShNhGHPu533Kw9tVn8QJut,5000.00000000,2025-05-01T14:29:29Z
812,FBVmP745SY2obe8MqWAi9zdRCEK4fBp7P3,5000.00000000,2025-04-30T15:00:01Z
813,FBaP21WTb7ij7MysB78HZba3GVDTCNx9KG,5000.00000000,2025-05-01T09:36:04Z
814,FBcAWbHBrLQffrwAZQzFxQqUPL9du6yWWi,5000.00000000,2025-05-01T16:31:14Z
815,FBdhzFoj2ZyQ8yxaqFVF9B2QTeNGz44gwJ,5000.00000000,2025-04-27T07:48:58Z
816,FBiPZV3Lgw9NbX62Wkurq7UG4oGxwbMgxT,5000.00000000,2025-05-01T19:58:28Z
817,FBqHUaijHDUj3oFXCtuJ7U3qsHXczHt2sJ,5000.00000000,2025-05-03T05:54:20Z
818,FBxjrv359jsUe7DCKbQ1ELJGXxoRPENJuC,5000.00000000,2025-05-01T15:47:10Z
819,FBzFpV3uEwd5kE8P9yvkLj8p1zcNQhnzCv,5000.00000000,2025-05-01T15:30:14Z
820,FBzXphorcdkNq4gcqieGGkmwaqDgfcfmHk,5000.00000000,2025-04-30T22:37:52Z
821,FC5wNhtmyq7tvG6ETTYrC5q2d4TehpdWse,5000.00000000,2025-05-02T21:39:25Z
822,FC9ExGhp6LS4Rd4jAeWErsUrRb4ghENiEP,5000.00000000,2025-04-27T21:51:07Z
823,FCFCQ3Cz1JuSKrqdJcaUk8ZTeQ3rkjYhdt,5000.00000000,2025-05-02T13:57:12Z
824,FCNDSSFCJ9cpVAr4e1dub6u1XXPuFsrNpm,5000.00000000,2025-05-01T14:53:02Z
825,FCNWqEpQKRafQUN16cRmds7T5x3siSJTy9,5000.00000000,2025-04-27T18:40:50Z
826,FCTqTp9zhi7FSAUTsLgRSsHHN85u33STmn,5000.00000000,2025-05-02T14:41:13Z
827,FCWD9VAE5ZokQFn7ZEnd2FPqbNqj8AuwAg,5000.00000000,2025-05-01T18:50:44Z
828,FCX1XSudRwd3MfiJBpofvkJLu5WjnVFNgn,5000.00000000,2025-05-01T03:07:22Z
829,FCawUdvg2F8akcbfmFBWim1Vu7vEb7KUuG,5000.00000000,2025-05-02T06:47:14Z
830,FCiYNGF2H15de1WyYRBVGGpPDigzwPwmnJ,5000.00000000,2025-05-02T05:12:35Z
831,FCo4TzqEWQpYbRYBMuyzsdJEF9VniYheg2,5000.00000000,2025-04-30T13:26:02Z
832,FCoiJQMgPrEGzpSdEu3EqLaGvRurZujEZa,5000.00000000,2025-05-01T03:39:40Z
833,FCu9YaWLkvY985ubyosNAjpARcJmQUsu6g,5000.00000000,2025-05-01T15:49:17Z
834,FCuye6BVxvS3FpyRUJNUJaDCRGvcVJoRe9,5000.00000000,2025-05-01T14:33:34Z
835,FCzHAFasSg2SkKxv8sKk2WQRLKUWfzxw9M,5000.00000000,2025-05-02T08:50:26Z
836,FD4izZDCASk6PjoyQLFZft31KfvXww9Si6,5000.00000000,2025-05-01T16:32:11Z
837,FDC8hB47Y8htwF33M8rLwDKUX4Pps365Fo,5000.00000000,2025-05-01T22:42:05Z
838,FDH4JCNjqkW1nJDBXZT8GfF9mQSvPRkkBq,5000.00000000,2025-05-01T07:07:22Z
839,FDNUza3NDQiRVX5aTLB1EXbYAwdeUirGHH,5000.00000000,2025-05-01T05:45:16Z
840,FDQtcDYmKqmntAp64daHzi5TYtx3Rzt1SV,5000.00000000,2025-04-28T07:02:22Z
841,FDgJBHuCGUoeipxN1jAviNKRqcYfYBFEzS,5000.00000000,2025-05-02T17:10:54Z
842,FDk3eQD31GwXfyDBNUfuVtqbHwS9ZcwLUr,5000.00000000,2025-05-02T05:54:20Z
843,FDo7rdjK1G1ma7h8pUfaQv5jUm7TnehMat,5000.00000000,2025-04-30T17:26:56Z
844,FDsJJJfDAnwwBPUTbBFJymvn6Njs9v5rbQ,5000.00000000,2025-05-02T00:06:56Z
845,FDwNjUdHpnHtiEEJknmzpm3hELQGqtZNFf,5000.00000000,2025-05-01T17:08:03Z
846,FDxCt3H6humVwMUamAj4tairSDmTAYwAfm,5000.00000000,2025-05-02T09:09:44Z
847,FE2zYRSeWZkA3i31FUionAQszETJ8eFPvv,5000.00000000,2025-05-01T11:28:07Z
848,FE5jRduMhPtBi3e6ugVYKbxCFxpHkL7CzG,5000.00000000,2025-05-02T05:08:20Z
849,FEA6mvDYu7g32JxF4owqB1yDqpvkWDTQqg,5000.00000000,2025-05-01T18:17:57Z
850,FECN8ixad4YZwUAJsJ9cda2me8p6jzer7s,5000.00000000,2025-05-01T19:50:43Z
851,FEE6UGMATbYLcvsUrEBAGhJ9vaQQyJy9gr,5000.00000000,2025-04-28T20:18:47Z
852,FEG1ANNfGZZmq5V5YTpSRbdADPkSw9287W,5000.00000000,2025-05-01T19:27:21Z
853,FETEqqZaBohiVSKuXPUr6fTUXfAzrQy3ZD,5000.00000000,2025-05-02T09:41:55Z
854,FETgRWeLQHxFnJQTSNeiSVDLxEvmJH1W9D,5000.00000000,2025-04-26T10:49:51Z
855,FEdLEC15TqbZVmDdctDjtrKNsry8jQ6A3n,5000.00000000,2025-05-01T09:35:36Z
856,FEoGqnDyb7nivpvca6SAXfumdSQQXvdvhj,5000.00000000,2025-05-01T08:25:01Z
857,FEzuuwebuFVwrcVxDUsNJcu4eSEmugZ6T2,5000.00000000,2025-05-02T00:21:36Z
858,FF4xyb3p3TgYJU9n7kAcmHPqEQKof2xhUz,5000.00000000,2025-05-01T04:18:18Z
859,FF5w4NCTDBmKnqAYdKe6MesTNk8YpdUpFh,5000.00000000,2025-05-03T01:01:10Z
860,FF7BkFvXuRSs4ceVenkYwPQYsBmVbDrKt6,5000.00000000,2025-04-26T01:43:29Z
861,FFHkPkfRu3zdZaUk2Tjd17FezHHGtED7qX,5000.00000000,2025-05-01T23:19:12Z
862,FFLxH4KLUZhRGNeNm5FeC3xNQSPzv4u87E,5000.00000000,2025-04-29T12:48:17Z
863,FFP9SK4RDhXFg7iD1Ktpzb33W8DxyrGpcc,5000.00000000,2025-05-02T17:14:01Z
864,FFUuuRAV7SBhct1JsPKCfyz5z8sEpXUaUV,5000.00000000,2025-05-02T13:59:14Z
865,FFXMjBJUrDYGaYPt443ksvjC8y2kgLbite,5000.00000000,2025-04-30T20:53:18Z
866,FFXcBM18hg51KfXF3H7AWWfRVEY8aLNi8S,5000.00000000,2025-04-27T03:29:57Z
867,FFenbq4fqEWFrvGsmJEXS4KeXRr2jGekQn,5000.00000000,2025-05-02T23:44:09Z
868,FFewmgSjnfPRAAPeywdrrvgxwZGW4VBHwj,5000.00000000,2025-05-01T09:38:35Z
869,FFmHSqopPAdqbZz4uddoFup4rMH4LX542G,5000.00000000,2025-05-01T15:16:03Z
870,FFntyJk1gymnShKuNw4AUspd2tEcHcN2LZ,5000.00000000,2025-05-01T23:58:44Z
871,FFxakwxa8irLCa99QojifZ6s78yjSde4BK,5000.00000000,2025-05-02T14:44:20Z
872,FG82DqtYscnFAeiNN8cFv9rgF14Fw3JCEq,5000.00000000,2025-05-02T01:38:31Z
873,FGBPaZMBqadryQuF8cYuFkqy5MimQf31jn,5000.00000000,2025-04-30T13:32:33Z
874,FGBb218gW4DbdUtGN9C1goLYSjBVbqqiAZ,5000.00000000,2025-05-01T17:03:36Z
875,FGLNVh5FPrRt1EmKKWAgMznVQcBdRwbNgu,5000.00000000,2025-05-01T06:50:39Z
876,FGLg2Sqdaye62dAWRqXQHWhSdUB5iD5wH6,5000.00000000,2025-05-01T13:02:28Z
877,FGU4xK63YCsrzEVh3wjKQKeZzvVGWG2JVB,5000.00000000,2025-05-01T19:42:52Z
878,FGeeC71NcUCC3T3sFLuM4fncCch97BG2bF,5000.00000000,2025-05-02T05:29:28Z
879,FGgx24ETwxqiKEKuSwfAHtzTaUjd2UyLQn,5000.00000000,2025-04-24T14:15:01Z
880,FGxiyd8xX5fSb2sbRqHPNT5Du4jxUzQE3S,5000.00000000,2025-05-01T05:50:19Z
881,FGzr3SggHk9TnMmKbBfSQY7AYKJRgQyxZg,5000.00000000,2025-04-30T18:51:56Z
882,FGzuks3HBE9RatXDr9HjHuEnkXCE67wqed,5000.00000000,2025-04-29T18:40:58Z
883,FH8npkg3S5ephwAJgZnhB9EpaZmgr14MwL,5000.00000000,2025-05-01T08:15:30Z
884,FHDrgYSASMpp631KoySNmQN32YnQWzF9oC,5000.00000000,2025-04-25T19:43:03Z
885,FHEy9guPTRSQTtbhiKmrG36HquXgupfWrE,5000.00000000,2025-05-02T07:13:51Z
886,FHMCCibQthmWH6MBERDhycG9y9MyRiddif,5000.00000000,2025-05-01T07:50:08Z
887,FHNTQnTxeGmRVqrrFEyV4QH4dqjQjop6Mo,5000.00000000,2025-05-02T13:57:42Z
888,FHVeAndvXQSmf2BxBb9MH4tayNBEP46WD4,5000.00000000,2025-05-01T03:05:12Z
889,FHoa6mAUPXf9LvNegvSSxuJ7xcQyVbUtsE,5000.00000000,2025-05-02T00:20:28Z
890,FHqVHkKtGeGJGpGEAWxhHFEbhNKNDBotAQ,5000.00000000,2025-04-28T01:26:05Z
891,FHugvqkrDS8z3hEm2zG75zgpfSingkSBqX,5000.00000000,2025-05-02T13:52:26Z
892,FHvS8XqmmtxAnUaTMR8VM5aHqHoz86cHP7,5000.00000000,2025-05-02T15:10:07Z
893,FJ1FHLQyyMiNDhubpRgwEahuJ6tzMLVRgN,5000.00000000,2025-04-30T17:59:20Z
894,FJ4i4ANyk4ZiFLGfavbBj8p6x5AeTpJAU6,5000.00000000,2025-05-02T22:25:32Z
895,FJ86X8FU1CBy8mSEXpnD55LfG7Cdian1eN,5000.00000000,2025-05-01T22:57:46Z
896,FJBfL6KUDpsxAQq2kfS54ysdRny6NjBCbg,5000.00000000,2025-05-02T20:51:36Z
897,FJFazZanAJdqyGfcH7uvjn5qDB3ebXn3Bx,5000.00000000,2025-05-01T03:18:35Z
898,FJG8iczQ1HD5kc2JcZSoQrDyM1fxTxBxBz,5000.00000000,2025-05-01T09:17:20Z
899,FJPXPHDGcmj57Aa7et9QkDp5uNwW4Effjg,5000.00000000,2025-05-02T03:00:54Z
900,FJevg14QuSmR2LabeeycpG6Xt1s92XdnGf,5000.00000000,2025-04-28T15:59:31Z
901,FJfC48mtNVJvPASGbnBuVYaHww425ceb1V,5000.00000000,2025-05-01T14:47:08Z
902,FJhziLph92Xy7Mvpp36LQS7rTYuhxL3njv,5000.00000000,2025-05-02T15:22:23Z
903,FJubTTtiUd2fec2fVEj8sbfcXQZsZZbPFi,5000.00000000,2025-05-01T09:42:42Z
904,FK5swqGddwCYZFPaAK68EyPhACRFz1sM2g,5000.00000000,2025-05-03T05:19:54Z
905,FK7RsYpg5xtwEKeE4fZSiJHxdLsMePqmc8,5000.00000000,2025-05-01T11:08:16Z
906,FKPJEUNqQSJo8HuPymUUtA58qcmyCn2rMB,5000.00000000,2025-05-01T13:47:01Z
907,FKXyJ6ApLyZMYnmJDvzFwchXBsgnJyTV8V,5000.00000000,2025-04-30T13:39:36Z
908,FKgJYj9ywLEFxha1wrREfnk81rmJBg4T1g,5000.00000000,2025-04-25T17:44:18Z
909,FKkJ9zr2Ss4BNkcHtRyssCTaVYvoFzGD8d,5000.00000000,2025-05-02T00:31:30Z
910,FL2Z2VVTnvafzXm68giHLrbdy4kRW8PNXJ,5000.00000000,2025-05-01T02:26:32Z
911,FL3cQmSUYAFLoW7FZHW2jfMeRzeeqxAibF,5000.00000000,2025-05-02T02:38:14Z
912,FLANQSbzKtjCihTG4oV3AQ4Wft9frE5YsP,5000.00000000,2025-05-02T15:29:11Z
913,FLN7nccgMxJ1AWw5pPqdPLhSyHcuVZwmRH,5000.00000000,2025-04-25T15:47:55Z
914,FLRDy3hwQb7YFoscY8paqmQLpnsqswqXze,5000.00000000,2025-05-01T17:21:46Z
915,FLiEzVrB7TYEuWxi3mbtub35o42ugAek4f,5000.00000000,2025-05-01T14:13:12Z
916,FLjJHqPYY6C3bGPDt9a6E3wi9gvohsMzT8,5000.00000000,2025-05-02T21:35:37Z
917,FLosxEQ2gAQwMEpmkB6A45dLUSddH2tGdC,5000.00000000,2025-05-02T14:58:24Z
918,FM4aQGD5a7ZjWegVUTNmBpydzjbSkmzXus,5000.00000000,2025-05-01T17:27:49Z
919,FM7T1LMfqjtzErjQ66mechVwTXrFD42sLg,5000.00000000,2025-05-02T04:49:31Z
920,FM7iNaETxUiaw4u93xYnH4sq9FccikRGM1,5000.00000000,2025-04-29T19:50:39Z
921,FMAN3dH3ShhqeaV3dJJy4pcZfP2h6iUPqp,5000.00000000,2025-05-01T16:02:43Z
922,FMD1ktLWK3hvBkmxrA4pvhPYjf5CtWX8F8,5000.00000000,2025-05-02T15:12:40Z
923,FMDpWik4bhrEegFJpd6LCpkpUDLvsNzd75,5000.00000000,2025-05-02T05:02:49Z
924,FMGynGfdZAHdtac952uQbuJBZ7Uiq5UAny,5000.00000000,2025-05-02T09:08:46Z
925,FMMK1UWk1jrQqfFTPiCCj4A6V6GoNGsahV,5000.00000000,2025-05-03T06:56:28Z
926,FMsMvDJhWXXSCCfNLp6fUV269C9uAoguAg,5000.00000000,2025-05-01T13:58:35Z
927,FMt2mZ8riCzM5YrtX8LDiPAMCMyg1JM9Pz,5000.00000000,2025-05-02T20:17:28Z
928,FMuLWFHNpWN62XTFymhJnWq4ALExpoMUBD,5000.00000000,2025-05-01T23:11:12Z
929,FMx2gkNXhToudVUAze5g3K42M8fp4P2kJq,5000.00000000,2025-05-02T22:18:31Z
930,FMzn5WRemSNsVezvLbqaxZPLxFy4AKq9KP,5000.00000000,2025-05-01T02:32:42Z
931,FN4inCExDuTWDujaZV8CYtstfQg5iumVcY,5000.00000000,2025-05-01T00:14:55Z
932,FP2gsiLWSVp9xtC8KcpbK6jNpY7buDfJ7d,5000.00000000,2025-05-02T03:05:48Z
933,FPKdB8zzURrA9RjLjNm8roCZR5RhMzqU4z,5000.00000000,2025-05-02T14:37:13Z
934,FPLhSu6wFW4soXiNekuNkpMVuo7n6h4u49,5000.00000000,2025-05-03T08:30:36Z
935,FPaRq2dhbVWpcpVwnNNMAGRLR7SJmwuJ8h,5000.00000000,2025-05-01T12:37:23Z
936,FPbvrPkHuePVwpynPpSt3mJ1Z2GMDs34Yf,5000.00000000,2025-04-27T23:17:07Z
937,FPcWcbsjjZfczSQ3vWaJ9e8ocJHkcnZMLL,5000.00000000,2025-05-02T06:01:16Z
938,FPewHWFrCKKxD2dtxLCG1W3v8W51qHn391,5000.00000000,2025-05-02T06:10:40Z
939,FPfPBnB8FY2n2KFrVXRtNp1yWKmPeCiGuB,5000.00000000,2025-05-02T00:27:50Z
940,FPrfmuwnbMMa1tua4tKT9E12VhKTcSPxzR,5000.00000000,2025-04-27T15:59:24Z
941,FPtFrSeTL1X1yMdAx3Zes4HkZCknLLngPz,5000.00000000,2025-05-01T15:02:24Z
942,FPxmi4L7qCBgZ46yMcF8MnorFftWaF3fSd,5000.00000000,2025-05-01T19:05:09Z
943,FQ1u9xQNJyxU8cspf9mpKGRMLQ4vLsNWRB,5000.00000000,2025-04-30T18:58:17Z
944,FQAb3xdiaTmNxSuKXxpXfe4Rf2feHSAT8Q,5000.00000000,2025-05-02T06:15:52Z
945,FQCyWXnVD4SNNKbjppKWZSuSAbAzuPmG3f,5000.00000000,2025-04-30T08:58:42Z
946,FQHp2aJhqGUtxdWy9aukFfmaU1Kaj4uwzc,5000.00000000,2025-05-01T20:02:45Z
947,FQHwKd1A1jFJAqSvPkjFZ8hU3tA8Mp1yVW,5000.00000000,2025-05-02T07:03:55Z
948,FQLPPj7YR8A1WvCuSkvKb1oYu23xGLETet,5000.00000000,2025-05-02T17:16:38Z
949,FQQomu6VqkD44F6TJQrRzE5CLmHJFGjczM,5000.00000000,2025-04-27T20:17:17Z
950,FQSKW53uMsc4KfSNWXVtBQVtYgYZ5gr39F,5000.00000000,2025-05-02T07:15:16Z
951,FQUnMoy48gL8LZxxFAjDJH9sH6cRtBYaVz,5000.00000000,2025-05-01T23:45:19Z
952,FQbvWFk3CwvJvLpCqteq3zL6w7qrb7VJpS,5000.00000000,2025-05-02T21:30:01Z
953,FQfDA7nvEqeTbyr4qHikg5m5hnnfHQTgat,5000.00000000,2025-05-01T18:15:01Z
954,FQngHZa26qV1S7fmEo6hWQqeEDFVxtgxMj,5000.00000000,2025-05-01T03:12:34Z
955,FQziBb6Pw9jUV4328wTS78XYw7QAbXBvV1,5000.00000000,2025-05-01T04:23:58Z
956,FR2oZnugpHeiP4svYTEWvFX75z51ezQZoA,5000.00000000,2025-05-01T07:51:42Z
957,FR7D9Ya9sDw7YdH2gTyGcB25bsZG1STT6G,5000.00000000,2025-05-02T02:47:48Z
958,FR8o3JEHEFo5TgnGa738T8E1JtZSTPd9ac,5000.00000000,2025-05-02T14:16:46Z
959,FR9D9rToKD3ZWHgmxYH5BuT54iQsK9vnjT,5000.00000000,2025-04-28T03:49:01Z
960,FR9Hv2SfKQWeDnweu6M568i7s1JF1HCuq7,5000.00000000,2025-04-30T13:21:42Z
961,FRBe1Zc28JDSpg1Ca1qdy3aQvxnnRVYL3G,5000.00000000,2025-04-27T00:14:40Z
962,FRCjGbkqQFt3GfwhjHjZDHSukWd1mT6fEW,5000.00000000,2025-05-01T08:21:21Z
963,FRHj7wD6QxyP9tLh1g92Waxs1wkmNNpHxw,5000.00000000,2025-05-01T13:33:32Z
964,FRdgFZPjXvKuKCTginguciMcb2MvrCZ4YZ,5000.00000000,2025-05-02T04:58:40Z
965,FRouLkgBM32NE5ApJGGjQfPB3R5MDFFKK5,5000.00000000,2025-04-30T21:03:11Z
966,FRrm5zKrgVUSYWcyrP5RRRhD8YTSEYjuy8,5000.00000000,2025-05-01T14:03:57Z
967,FS1jtMXbt3VZMbsJ7NVPQ1x7G7LmiWjtcc,5000.00000000,2025-05-01T02:25:49Z
968,FSPJVnyawtjiErVdSakzto1mzFmT4gNBSX,5000.00000000,2025-05-02T17:21:14Z
969,FSTFHsoUahYYMW1b1mgzduBdXQ6Tv4u5n9,5000.00000000,2025-05-02T09:58:03Z
970,FSTsWrTtYrzUxvU1nVbGtrYVH9SzbH8f66,5000.00000000,2025-05-01T10:31:50Z
971,FSeTGn9MaiGLNaA5QSQMvHJek2PzZebd2U,5000.00000000,2025-05-02T15:08:02Z
972,FShvws9Y3zQzyN7mnRwCvJGnL2u4uU8CHg,5000.00000000,2025-05-03T05:14:16Z
973,FSkvv2kRvoBtHpcHRtofFC1voPDuD7x1GN,5000.00000000,2025-05-02T05:20:27Z
974,FT1RkmPWRa9qGpyfxuwiPFkgJ18coT3mDk,5000.00000000,2025-05-01T15:50:27Z
975,FT21bbmx4ETj1aXs2jjcUYQBs9BB8vGSdy,5000.00000000,2025-05-02T05:30:13Z
976,FTDmHD9yBvEsP54Lx9vj6K9g4kzJHt5w1T,5000.00000000,2025-04-27T23:54:14Z
977,FTDqkBgZHYmo2AaBcAqJDMUYM6JpAJ1mKY,5000.00000000,2025-04-26T20:42:49Z
978,FTFDPZPudDXFWCiqc9rykXpksi8wbWMH8S,5000.00000000,2025-04-30T21:46:58Z
979,FTKHVTypGS4ydt3LjVT88xpY7aQxS8YhPy,5000.00000000,2025-05-01T11:31:48Z
980,FTMQ28cXqcYW7XX2aGWTyJPTfoq8no1Kso,5000.00000000,2025-04-28T20:23:29Z
981,FTQDr2D4f6ibfBQ3Jvo1qWg879LcycWxTo,5000.00000000,2025-05-02T20:31:13Z
982,FTTR8bz8bYW2XFZgNuU6fVh3Pe6XhKyakh,5000.00000000,2025-05-01T18:11:09Z
983,FTUK1NSRjaVKz3NPZLAreQzsVneGTLHtjA,5000.00000000,2025-05-03T02:12:04Z
984,FTVRpRxQ9Le7rjUn977WLFBjTXkwRSyRfp,5000.00000000,2025-04-29T11:49:21Z
985,FTWbH2vK2H2n4BetiQjvAWiLzyMtGBeFLM,5000.00000000,2025-04-29T03:37:55Z
986,FTbxunKKzaUdzT7DWcDYy1cTQhg4q6xSgc,5000.00000000,2025-04-28T09:29:33Z
987,FTbybNTYusgBnxqVJ1TqdcPWw2vUqpaxiM,5000.00000000,2025-04-28T06:31:35Z
988,FTsSjJmwdXTyU6mUrZNade14mbY7K8m5QS,5000.00000000,2025-05-03T03:51:19Z
989,FTtSsccakNzWArKGmSbtbqUph2n4dnwm5G,5000.00000000,2025-04-24T13:39:29Z
990,FU6kiVbePpS8npLyUdw1pQsdhNMMgBu3P5,5000.00000000,2025-05-02T20:41:20Z
991,FU9m9k4B4aBozhNPQrjbvT3a9HWvSBwq2Y,5000.00000000,2025-04-30T05:16:31Z
992,FUCaaqTWa928KmyY1oMgGKmHvQovwY5CZy,5000.00000000,2025-05-02T06:58:37Z
993,FUF4VuPn8H3eMvvpKYbqbAatQZWVVzf6fi,5000.00000000,2025-04-29T13:05:01Z
994,FUHgBmPBQsQdS84fsaCtSGjB91TEzhj5R7,5000.00000000,2025-05-03T01:42:41Z
995,FUU3wnpqjWYfYtJ28h7YrdPXLhBvwuqrpj,5000.00000000,2025-05-03T06:34:49Z
996,FUdNEEbeMB7PHyhL6yWUqmx2qNf5TdY3Yn,5000.00000000,2025-05-02T16:00:42Z
997,FUvC4q4kpj75k3n757V8DjJMSmtfFHTa6U,5000.00000000,2025-05-02T16:57:39Z
998,FUyqcyJMWUtgyShhMRGc8NzTvvo7J6FqnZ,5000.00000000,2025-04-28T03:07:42Z
999,FV6i7Ri9M4iXeMob3bzsqr7VLeRzBYsVC7,5000.00000000,2025-05-02T15:06:47Z
1000,FV7GPj2PVfWE1iZtuBRMAZbC8wRm5VwhmJ,5000.00000000,2025-05-01T02:09:11Z
